id,sent,tree,notes,
WH.whe.non.sh.01,Who thinks that Paul stole the necklace?,(C-mat-wh (T-pres (lv-tr (who) (think (that (T-past (lv-tr (D-e (Paul)) (steal (the (necklace)))))))))),"wh-movement, whether island, non-island, short",
WH.whe.non.sh.02,Who thinks that Matt chased the bus?,(C-mat-wh (T-pres (lv-tr (who) (think (that (T-past (lv-tr (D-e (Matt)) (chase (the (bus)))))))))),,
WH.whe.non.sh.03,Who thinks that Tom sold the television?,(C-mat-wh (T-pres (lv-tr (who) (think (that (T-past (lv-tr (D-e (Tom)) (sell (the (television)))))))))),,
WH.whe.non.sh.04,Who thinks that Stacey wrote the letter?,(C-mat-wh (T-pres (lv-tr (who) (think (that (T-past (lv-tr (D-e (Stacey)) (write (the (letter)))))))))),,
WH.whe.non.sh.05,Who thinks that Aaron bought the house?,(C-mat-wh (T-pres (lv-tr (who) (think (that (T-past (lv-tr (D-e (Aaron)) (buy (the (house)))))))))),,
WH.whe.non.sh.06,Who thinks that George read the book?,(C-mat-wh (T-pres (lv-tr (who) (think (that (T-past (lv-tr (D-e (George)) (read (the (book)))))))))),,
WH.whe.non.sh.07,Who thinks that Heather saw the movie?,(C-mat-wh (T-pres (lv-tr (who) (think (that (T-past (lv-tr (D-e (Heather)) (see (the (movie)))))))))),,
WH.whe.non.sh.08,Who thinks that Casey baked the cake?,(C-mat-wh (T-pres (lv-tr (who) (think (that (T-past (lv-tr (D-e (Casey)) (bake (the (cake)))))))))),,
WH.whe.non.lg.01,What does the detective think that Paul stole?,(C-mat-wh (T-pres (lv-tr (the (detective)) (think (that (T-past (lv-tr (D-e (Paul)) (steal (what))))))))),"wh-movement, whether island, non-island, long",
WH.whe.non.lg.02,What does the police officer think that Matt chased?,(C-mat-wh (T-pres (lv-tr (the (police_officer)) (think (that (T-past (lv-tr (D-e (Matt)) (chase (what))))))))),,
WH.whe.non.lg.03,What does the manager think that Tom sold?,(C-mat-wh (T-pres (lv-tr (the (manager)) (think (that (T-past (lv-tr (D-e (Tom)) (steal (what))))))))),,
WH.whe.non.lg.04,What does the soldier think that Stacey wrote?,(C-mat-wh (T-pres (lv-tr (the (soldier)) (think (that (T-past (lv-tr (D-e (Stacey)) (write (what))))))))),,
WH.whe.non.lg.05,What does the agent think that Aaron bought?,(C-mat-wh (T-pres (lv-tr (the (agent)) (think (that (T-past (lv-tr (D-e (Aaron)) (buy (what))))))))),,
WH.whe.non.lg.06,What does the teacher think that George read?,(C-mat-wh (T-pres (lv-tr (the (teacher)) (think (that (T-past (lv-tr (D-e (George)) (read (what))))))))),,
WH.whe.non.lg.07,What does the girl think that Heather saw?,(C-mat-wh (T-pres (lv-tr (the (girl)) (think (that (T-past (lv-tr (D-e (Heather)) (see (what))))))))),,
WH.whe.non.lg.08,What does the guest think that Casey baked?,(C-mat-wh (T-pres (lv-tr (the (guest)) (think (that (T-past (lv-tr (D-e (Casey)) (bake (what))))))))),,
WH.whe.isl.sh.01,Who wonders whether Paul stole the necklace?,(C-mat-wh (T-pres (lv-tr (who) (wonder (whether (T-past (lv-tr (D-e (Paul)) (steal (the (necklace)))))))))),"wh-movement, whether island, island, short",
WH.whe.isl.sh.02,Who wonders whether Matt chased the bus?,(C-mat-wh (T-pres (lv-tr (who) (wonder (whether (T-past (lv-tr (D-e (Matt)) (chase (the (bus)))))))))),,
WH.whe.isl.sh.03,Who wonders whether Tom sold the television?,(C-mat-wh (T-pres (lv-tr (who) (wonder (whether (T-past (lv-tr (D-e (Tom)) (sell (the (television)))))))))),,
WH.whe.isl.sh.04,Who wonders whether Stacey wrote the letter?,(C-mat-wh (T-pres (lv-tr (who) (wonder (whether (T-past (lv-tr (D-e (Stacey)) (write (the (letter)))))))))),,
WH.whe.isl.sh.05,Who wonders whether Aaron bought the house?,(C-mat-wh (T-pres (lv-tr (who) (wonder (whether (T-past (lv-tr (D-e (Aaron)) (buy (the (house)))))))))),,
WH.whe.isl.sh.06,Who wonders whether George read the book?,(C-mat-wh (T-pres (lv-tr (who) (wonder (whether (T-past (lv-tr (D-e (George)) (read (the (book)))))))))),,
WH.whe.isl.sh.07,Who wonders whether Heather saw the movie?,(C-mat-wh (T-pres (lv-tr (who) (wonder (whether (T-past (lv-tr (D-e (Heather)) (see (the (movie)))))))))),,
WH.whe.isl.sh.08,Who wonders whether Casey baked the cake?,(C-mat-wh (T-pres (lv-tr (who) (wonder (whether (T-past (lv-tr (D-e (Casey)) (bake (the (cake)))))))))),,
WH.whe.isl.lg.01,What does the detective wonder whether Paul stole?,(C-mat-wh (T-pres (lv-tr (the (detective)) (wonder (whether (T-past (lv-tr (D-e (Paul)) (steal (what))))))))),"wh-movement, whether island, island, long",
WH.whe.isl.lg.02,What does the police officer wonder whether Matt chased?,(C-mat-wh (T-pres (lv-tr (the (police_officer)) (wonder (whether (T-past (lv-tr (D-e (Matt)) (chase (what))))))))),,
WH.whe.isl.lg.03,What does the manager wonder whether Tom sold?,(C-mat-wh (T-pres (lv-tr (the (manager)) (wonder (whether (T-past (lv-tr (D-e (Tom)) (steal (what))))))))),,
WH.whe.isl.lg.04,What does the soldier wonder whether Stacey wrote?,(C-mat-wh (T-pres (lv-tr (the (soldier)) (wonder (whether (T-past (lv-tr (D-e (Stacey)) (write (what))))))))),,
WH.whe.isl.lg.05,What does the agent wonder whether Aaron bought?,(C-mat-wh (T-pres (lv-tr (the (agent)) (wonder (whether (T-past (lv-tr (D-e (Aaron)) (buy (what))))))))),,
WH.whe.isl.lg.06,What does the teacher wonder whether George read?,(C-mat-wh (T-pres (lv-tr (the (teacher)) (wonder (whether (T-past (lv-tr (D-e (George)) (read (what))))))))),,
WH.whe.isl.lg.07,What does the girl wonder whether Heather saw?,(C-mat-wh (T-pres (lv-tr (the (girl)) (wonder (whether (T-past (lv-tr (D-e (Heather)) (see (what))))))))),,
WH.whe.isl.lg.08,What does the guest wonder whether Casey baked?,(C-mat-wh (T-pres (lv-tr (the (guest)) (wonder (whether (T-past (lv-tr (D-e (Casey)) (bake (what))))))))),,
RC.sub.non.sh.01,I voted for the congressman who you think the lobbyist offended.,(C-mat-decl (T-past (lv-tr (I) (vote (for (the (congressman (C-rel (T-pres (lv-tr (you) (think (C-emb-decl (T-past (lv-tr (the (lobbyist)) (offend (who)))))))))))))))),"rc-movement, simple NPs, object",
RC.sub.non.sh.02,I met the local hero who you think the president praised.,(C-mat-decl (T-past (lv-tr (I) (meet (the (local_hero (C-rel (T-pres (lv-tr (you) (think (C-emb-decl (T-past (lv-tr (the (president)) (praise (who))))))))))))))),,
RC.sub.non.sh.03,I called the candidate who you think the millionaire supported.,(C-mat-decl (T-past (lv-tr (I) (call (the (candidate (C-rel (T-pres (lv-tr (you) (think (C-emb-decl (T-past (lv-tr (the (millionaire)) (support (who))))))))))))))),,
RC.sub.non.sh.04,I interviewed the soldier who you think the terrorist captured.,(C-mat-decl (T-past (lv-tr (I) (interview (the (soldier (C-rel (T-pres (lv-tr (you) (think (C-emb-decl (T-past (lv-tr (the (terrorist)) (capture (who))))))))))))))),,
RC.sub.non.sh.05,I researched the Pope who you think the priest criticized.,(C-mat-decl (T-past (lv-tr (I) (research (the (Pope (C-rel (T-pres (lv-tr (you) (think (C-emb-decl (T-past (lv-tr (the (priest)) (criticize (who))))))))))))))),,
RC.sub.non.sh.06,I respect the musician who you think the orphans can rely on.,(C-mat-decl (T-pres (lv-tr (I) (respect (the (musician (C-rel (T-pres (lv-tr (you) (think (C-emb-decl (T-past (lv-tr (the (orphans)) (rely (on (who)))))))))))))))),,
RC.sub.non.sh.07,I admire the director who you think the new playhouse hired.,(C-mat-decl (T-pres (lv-tr (I) (admire (the (director (C-rel (T-pres (lv-tr (you) (think (C-emb-decl (T-past (lv-tr (the (new_playhouse)) (hire (who))))))))))))))),,
RC.sub.non.sh.08,I spoke to the author who you think the censors complained about.,(C-mat-decl (T-past (lv-tr (I) (speak (to (the (author (C-rel (T-pres (lv-tr (you) (think (C-emb-decl (T-past (lv-tr (the (censors)) (complain (about (who))))))))))))))))),,
RC.sub.non.lg.01,I voted for the congressman who you think offended the lobbyist.,(C-mat-decl (T-past (lv-tr (I) (vote (for (the (congressman (C-rel (T-pres (lv-tr (you) (think (C-emb-decl (T-past (lv-tr (who)) (offend (the (lobbyist)))))))))))))))),"rc-movement, simple NPs, subject",
RC.sub.non.lg.02,I met the local hero who you think praised the president.,(C-mat-decl (T-past (lv-tr (I) (meet (the (local_hero (C-rel (T-pres (lv-tr (you) (think (C-emb-decl (T-past (lv-tr (who)) (praise (the (president))))))))))))))),,
RC.sub.non.lg.03,I called the candidate who you think supported the millionaire .,(C-mat-decl (T-past (lv-tr (I) (call (the (candidate (C-rel (T-pres (lv-tr (you) (think (C-emb-decl (T-past (lv-tr (who) (support (the (millionaire)))))))))))))))),,
RC.sub.non.lg.04,I interviewed the soldier who you think captured the terrorist .,(C-mat-decl (T-past (lv-tr (I) (interview (the (soldier (C-rel (T-pres (lv-tr (you) (think (C-emb-decl (T-past (lv-tr (who) (capture (the (terrorist)))))))))))))))),,
RC.sub.non.lg.05,I researched the Pope who you think criticized the priest.,(C-mat-decl (T-past (lv-tr (I) (research (the (Pope (C-rel (T-pres (lv-tr (you) (think (C-emb-decl (T-past (lv-tr (who) (criticize (the (priest)))))))))))))))),,
RC.sub.non.lg.06,I respect the musician who you think cares about orphans.,(C-mat-decl (T-pres (lv-tr (I) (respect (the (musician (C-rel (T-pres (lv-tr (you) (think (C-emb-decl (T-pres (lv-tr (who) (care (about (D-e (orphans))))))))))))))))),,
RC.sub.non.lg.07,I admire the director who you think developed the new play.,(C-mat-decl (T-pres (lv-tr (I) (admire (the (director (C-rel (T-pres (lv-tr (you) (think (C-emb-decl (T-past (lv-tr (who) (develop (the (new_play)))))))))))))))),,
RC.sub.non.lg.08,I spoke to the author who you think complained about the censors .,(C-mat-decl (T-past (lv-tr (I) (speak (to (the (author (C-rel (T-pres (lv-tr (you) (think (C-emb-decl (T-past (lv-tr (who) (complain (about (the (censors)))))))))))))))))),,
RC.sub.isl.sh.01,I voted for the congressman who you think the gift from the lobbyist prompted the rumor about.,(C-mat-decl (T-past (lv-tr (I) (vote (for (the (congressman (C-rel (T-pres (lv-tr (you) (think (C-emb-decl (T-past (lv-tr (the (gift-pobj (from (the (lobbyist))))) (prompt (the (rumor-pobj (about (who))))))))))))))))))),"rc-movement, complex NPs, object",
RC.sub.isl.sh.02,I met the local hero who you think the speech by the president interrupted the news report about.,(C-mat-decl (T-past (lv-tr (I) (meet (the (local_hero (C-rel (T-pres (lv-tr (you) (think (C-emb-decl (T-past (lv-tr (the (speech-pobj (by (the (president))))) (interrupt (the (news_report-pobj (about (who)))))))))))))))))),,
RC.sub.isl.sh.03,I called the candidate who you think the meeting with the millionaire delayed the fundraiser for.,(C-mat-decl (T-past (lv-tr (I) (call (the (candidate (C-rel (T-pres (lv-tr (you) (think (C-emb-decl (T-past (lv-tr (the (meeting-pobj (with (the (millionaire))))) (delay (the (fundraiser-pobj (for (who)))))))))))))))))),,
RC.sub.isl.sh.04,I interviewed the soldier who you think the movie about the terrorist inspired the new book about.,(C-mat-decl (T-past (lv-tr (I) (interview (the (soldier (C-rel (T-pres (lv-tr (you) (think (C-emb-decl (T-past (lv-tr (the (movie-pobj (about (the (terrorist))))) (inspire (the (new_book-pobj (about (who)))))))))))))))))),,
RC.sub.isl.sh.05,I researched the Pope who you think the email from the priest criticized the joke about.,(C-mat-decl (T-past (lv-tr (I) (research (the (Pope (C-rel (T-pres (lv-tr (you) (think (C-emb-decl (T-past (lv-tr (the (email-pobj (from (the (priest))))) (criticize (the (joke-pobj (about (who)))))))))))))))))),,
RC.sub.isl.sh.06,I respect the musician who you think the picture of orphans accompanied the magazine article about.,(C-mat-decl (T-pres (lv-tr (I) (respect (the (musician (C-rel (T-pres (lv-tr (you) (think (C-emb-decl (T-past (lv-tr (the (picture (of (the (orphans))))) (accompany (the (magazine_article-pobj (about (who)))))))))))))))))),,
RC.sub.isl.sh.07,I admire the peace activist who you think the flyer from the director promoted the new play about.,(C-mat-decl (T-pres (lv-tr (I) (admire (the (peace_activist (C-rel (T-pres (lv-tr (you) (think (C-emb-decl (T-past (lv-tr (the (flyer-pobj (from (the (director))))) (promote (the (new_play-pobj (about (who)))))))))))))))))),,
RC.sub.isl.sh.08,I spoke to the author who you think the new book about vampires caused the complaints about.,(C-mat-decl (T-past (lv-tr (I) (speak (to (the (author (C-rel (T-pres (lv-tr (you) (think (C-emb-decl (T-past (lv-tr (the (new_book-pobj (about (vampires)))) (cause (the (complaints-pobj (about (who))))))))))))))))))),,
RC.sub.isl.lg.01,I voted for the congressman who you think the gift from prompted the rumor about bribery.,(C-mat-decl (T-past (lv-tr (I) (vote (for (the (congressman (C-rel (T-pres (lv-tr (you) (think (C-emb-decl (T-past (lv-tr (the (gift-pobj (from (who)))) (prompt (the (rumor-pobj (about (bribery))))))))))))))))))),"rc-movement, complex NPs, subject",
RC.sub.isl.lg.02,I met the local hero who you think the speech by interrupted the news report about the president.,(C-mat-decl (T-past (lv-tr (I) (meet (the (local_hero (C-rel (T-pres (lv-tr (you) (think (C-emb-decl (T-past (lv-tr (the (speech-pobj (by (who)))) (interrupt (the (news_report-pobj (about (the (president))))))))))))))))))),,
RC.sub.isl.lg.03,I called the candidate who you think the meeting with delayed the fundraiser for the campaign.,(C-mat-decl (T-past (lv-tr (I) (call (the (candidate (C-rel (T-pres (lv-tr (you) (think (C-emb-decl (T-past (lv-tr (the (meeting-pobj (with (who)))) (delay (the (fundraiser-pobj (for (the (campaign))))))))))))))))))),,
RC.sub.isl.lg.04,I interviewed the soldier who you think the movie about inspired the new book about the terrorist.,(C-mat-decl (T-past (lv-tr (I) (interview (the (soldier (C-rel (T-pres (lv-tr (you) (think (C-emb-decl (T-past (lv-tr (the (movie-pobj (about (who)))) (inspire (the (new_book-pobj (about (the (terrorist))))))))))))))))))),,
RC.sub.isl.lg.05,I spoke with the priest who you think the email from criticized the joke about the Pope.,(C-mat-decl (T-past (lv-tr (I) (research (the (priest (C-rel (T-pres (lv-tr (you) (think (C-emb-decl (T-past (lv-tr (the (email-pobj (from (who)))) (criticize (the (joke-pobj (about (the (Pope))))))))))))))))))),,
RC.sub.isl.lg.06,I respect the musician who you think the picture of accompanied the magazine article about orphans.,(C-mat-decl (T-pres (lv-tr (I) (respect (the (musician (C-rel (T-pres (lv-tr (you) (think (C-emb-decl (T-past (lv-tr (the (picture (of (who)))) (accompany (the (magazine_article-pobj (about (D-e (orphans))))))))))))))))))),,
RC.sub.isl.lg.07,I admire the peace activist who you think the flyer from promoted the new play about refugees.,(C-mat-decl (T-pres (lv-tr (I) (admire (the (peace_activist (C-rel (T-pres (lv-tr (you) (think (C-emb-decl (T-past (lv-tr (the (flyer-pobj (from (who)))) (promote (the (new_play-pobj (about (D-e (refugees))))))))))))))))))),,
RC.sub.isl.lg.08,I spoke to the author who you think the new book about caused the complaints about violent stories.,(C-mat-decl (T-past (lv-tr (I) (speak (to (the (author (C-rel (T-pres (lv-tr (you) (think (C-emb-decl (T-past (lv-tr (the (new_book-pobj (about (who)))) (cause (the (complaints-pobj (about (D-e (violent_stories)))))))))))))))))))),,
RC.wh.non.sh.01,I take classes with the professor who thinks that Paul will tutor the struggling student. ,(C-mat-decl (T-pres (lv-tr (I) (take (D-e (classes)) (with (the (professor (C-rel (T-pres (lv-tr (who) (think (that (will (lv-tr (D-e (Paul)) (tutor (the (struggling_student))))))))))))))))),"rc-movement, wh island, non-island, short",
RC.wh.non.sh.02,I respect the soldier who thinks that Matt will impress the general.,(C-mat-decl (T-pres (lv-tr (I) (respect (the (soldier (C-rel (T-pres (lv-tr (who) (think (that (will (lv-tr (D-e (Matt)) (impress (the (general)))))))))))))))),,
RC.wh.non.sh.03,I dislike the real estate agent who thinks that Caroline will confront the home owner.,(C-mat-decl (T-pres (lv-tr (I) (dislike (the (real_estate_agent (C-rel (T-pres (lv-tr (who) (think (that (will (lv-tr (D-e (Caroline)) (confront (the (home_owner)))))))))))))))),,
RC.wh.non.sh.04,I like the director who thinks that Tom should hire the talented actor.,(C-mat-decl (T-pres (lv-tr (I) (like (the (director (C-rel (T-pres (lv-tr (who) (think (that (should (lv-tr (D-e (Tom)) (hire (the (talented_actor)))))))))))))))),,
RC.wh.non.sh.05,I called the teacher who thinks that Christine will apologize to the principal.,(C-mat-decl (T-past (lv-tr (I) (call (the (soldier (C-rel (T-pres (lv-tr (who) (think (that (will (lv-tr (D-e (Christine)) (apologize (to (the (principal))))))))))))))))),,
RC.wh.non.sh.06,I negotiated with the agent who thinks that Alan will perform with the famous band.,(C-mat-decl (T-past (lv-tr (I) (negotiate (with (the (agent (C-rel (T-pres (lv-tr (who) (think (that (will (lv-tr (D-e (Alan)) (perform (with (the (famous_band)))))))))))))))))),,
RC.wh.non.sh.07,I share a locker with the cheerleader who thinks that Jessica kissed the quarterback.,(C-mat-decl (T-pres (lv-tr (I) (share (a (locker)) (with (the (cheerleader (C-rel (T-pres (lv-tr (who) (think (that (T-past (lv-tr (D-e (Jessica)) (kiss (the (quarterback))))))))))))))))),,
RC.wh.non.sh.08,I spoke with the waiter who thinks that Rachel should talk to the chef.,(C-mat-decl (T-past (lv-tr (I) (speak (with (the (waiter (C-rel (T-pres (lv-tr (who) (think (that (should (lv-tr (D-e (Rachel)) (talk (to (the (chef)))))))))))))))))),,
RC.wh.non.lg.01,I take classes with the struggling student who the professor thinks that Paul will tutor.,(C-mat-decl (T-pres (lv-tr (I) (take (D-e (classes)) (with (the (struggling_student (C-rel (T-pres (lv-tr (the (professor)) (think (that (will (lv-tr (D-e (Paul)) (tutor (who)))))))))))))))),"rc-movement, wh island, non-island, long",
RC.wh.non.lg.02,I respect the general who the soldier thinks that Matt will impress.,(C-mat-decl (T-pres (lv-tr (I) (respect (the (general (C-rel (T-pres (lv-tr (the (soldier)) (think (that (will (lv-tr (D-e (Matt)) (impress (who))))))))))))))),,
RC.wh.non.lg.03,I dislike the home owner who the real estate agent thinks that Caroline will confront.,(C-mat-decl (T-pres (lv-tr (I) (dislike (the (home_owner (C-rel (T-pres (lv-tr (the (real_estate_agent)) (think (that (will (lv-tr (D-e (Caroline)) (confront (who))))))))))))))),,
RC.wh.non.lg.04,I like the talented actor who the director thinks that Tom should hire.,(C-mat-decl (T-pres (lv-tr (I) (like (the (talented_actor (C-rel (T-pres (lv-tr (the (director)) (think (that (should (lv-tr (D-e (Tom)) (hire (who))))))))))))))),,
RC.wh.non.lg.05,I called the principal who the teacher thinks that Christine will apologize to.,(C-mat-decl (T-past (lv-tr (I) (call (the (principal (C-rel (T-pres (lv-tr (the (teacher)) (think (that (will (lv-tr (D-e (Christine)) (apologize (to (who)))))))))))))))),,
RC.wh.non.lg.06,I negotiated with the famous band who the agent thinks that Alan will perform with.,(C-mat-decl (T-past (lv-tr (I) (negotiate (with (the (famous_band (C-rel (T-pres (lv-tr (the (agent)) (think (that (will (lv-tr (D-e (Alan)) (perform (with (who))))))))))))))))),,
RC.wh.non.lg.07,I share a locker with the quarterback who the cheerleader thinks that Jessica kissed.,(C-mat-decl (T-pres (lv-tr (I) (share (a (locker)) (with (the (quarterback (C-rel (T-pres (lv-tr (the (cheerleader)) (think (that (T-past (lv-tr (D-e (Jessica)) (kiss (who)))))))))))))))),,
RC.wh.non.lg.08,I spoke with the chef who the waiter thinks that Rachel should talk to.,(C-mat-decl (T-past (lv-tr (I) (speak (with (the (chef (C-rel (T-pres (lv-tr (the (waiter)) (think (that (should (lv-tr (D-e (Rachel)) (talk (to (who))))))))))))))))),,
RC.wh.isl.sh.01,I take classes with the professor who wonders when Paul will tutor the struggling student. ,(C-mat-decl (T-pres (lv-tr (I) (take (D-e (classes)) (with (the (professor (C-rel (T-pres (lv-tr (who) (wonder (C-emb-wh (will (when) (lv-tr (D-e (Paul)) (tutor (the (struggling_student))))))))))))))))),"rc-movement, wh island, island, short",
RC.wh.isl.sh.02,I respect the soldier who wonders how Matt will impress the general.,(C-mat-decl (T-pres (lv-tr (I) (respect (the (soldier (C-rel (T-pres (lv-tr (who) (wonder (C-emb-wh (will (lv-tr (how) (D-e (Matt)) (impress (the (general)))))))))))))))),,
RC.wh.isl.sh.03,I dislike the real estate agent who wonders where Caroline will confront the home owner.,(C-mat-decl (T-pres (lv-tr (I) (dislike (the (real_estate_agent (C-rel (T-pres (lv-tr (who) (wonder (C-emb-wh (will (lv-tr (where) (D-e (Caroline)) (confront (the (home_owner)))))))))))))))),,
RC.wh.isl.sh.04,I like the director who wonders why Tom should hire the talented actor.,(C-mat-decl (T-pres (lv-tr (I) (like (the (director (C-rel (T-pres (lv-tr (who) (wonder (C-emb-wh (should (why) (lv-tr (D-e (Tom)) (hire (the (talented_actor)))))))))))))))),,
RC.wh.isl.sh.05,I called the teacher who wonders when Christine will apologize to the principal.,(C-mat-decl (T-past (lv-tr (I) (call (the (teacher (C-rel (T-pres (lv-tr (who) (wonder (C-emb-wh (will (when) (lv-tr (D-e (Christine)) (apologize (to (the (principal))))))))))))))))),,
RC.wh.isl.sh.06,I negotiated with the agent who wonders where Alan will perform with the famous band.,(C-mat-decl (T-past (lv-tr (I) (negotiate (with (the (agent (C-rel (T-pres (lv-tr (who) (wonder (C-emb-wh (will (lv-tr (where) (D-e (Alan)) (perform (with (the (famous_band)))))))))))))))))),,
RC.wh.isl.sh.07,I share a locker with the cheerleader who wonders why Jessica kissed the quarterback.,(C-mat-decl (T-past (lv-tr (I) (share (a (locker)) (with (the (cheerleader (C-rel (T-pres (lv-tr (who) (wonder (C-emb-wh (T-past (why) (lv-tr (D-e (Jessica)) (kiss (the (quarterback))))))))))))))))),,
RC.wh.isl.sh.08,I spoke with the waiter who wonders why Rachel should talk to the chef.,(C-mat-decl (T-past (lv-tr (I) (speak (with (the (waiter (C-rel (T-pres (lv-tr (who) (wonder (C-emb-wh (should (why) (lv-tr (D-e (Rachel)) (talk (to (the (chef)))))))))))))))))),,
RC.wh.isl.lg.01,I take classes with the struggling student who the professor wonders when Paul will tutor.,(C-mat-decl (T-pres (lv-tr (I) (take (D-e (classes)) (with (the (struggling_student (C-rel (T-pres (lv-tr (the (professor)) (wonder (C-emb-wh (will (when) (lv-tr (D-e (Paul)) (tutor (who)))))))))))))))),"rc-movement, wh island, island, long",
RC.wh.isl.lg.02,I respect the general who the soldier wonders how Matt will impress.,(C-mat-decl (T-pres (lv-tr (I) (respect (the (general (C-rel (T-pres (lv-tr (the (soldier)) (wonder (C-emb-wh (will (lv-tr (how) (D-e (Matt)) (impress (who))))))))))))))),,
RC.wh.isl.lg.03,I dislike the home owner who the real estate agent wonders where Caroline will confront.,(C-mat-decl (T-pres (lv-tr (I) (dislike (the (home_owner (C-rel (T-pres (lv-tr (the (real_estate_agent)) (wonder (C-emb-wh (will (lv-tr (where) (D-e (Caroline)) (confront (who))))))))))))))),,
RC.wh.isl.lg.04,I like the talented actor who the director wonders why Tom should hire.,(C-mat-decl (T-pres (lv-tr (I) (like (the (talented_actor (C-rel (T-pres (lv-tr (the (director)) (wonder (C-emb-wh (should (why) (lv-tr (D-e (Tom)) (hire (who))))))))))))))),,
RC.wh.isl.lg.05,I called the principal who the teacher wonders when Christine will apologize to.,(C-mat-decl (T-past (lv-tr (I) (call (the (principal (C-rel (T-pres (lv-tr (the (teacher)) (wonder (C-emb-wh (will (when) (lv-tr (D-e (Christine)) (apologize (to (who)))))))))))))))),,
RC.wh.isl.lg.06,I negotiated with the famous band who the agent wonders where Alan will perform with.,(C-mat-decl (T-past (lv-tr (I) (negotiate (with (the (famous_band (C-rel (T-pres (lv-tr (the (agent)) (wonder (C-emb-wh (will (lv-tr (where) (D-e (Alan)) (perform (with (who))))))))))))))))),,
RC.wh.isl.lg.07,I share a locker with the quarterback who the cheerleader wonders why Jessica kissed.,(C-mat-decl (T-pres (lv-tr (I) (share (a (locker)) (with (the (quarterback (C-rel (T-pres (lv-tr (the (cheerleader)) (wonder (C-emb-wh (T-past (why) (lv-tr (D-e (Jessica)) (kiss (who)))))))))))))))),,
RC.wh.isl.lg.08,I spoke with the chef who the waiter wonders why Rachel should talk to.,(C-mat-decl (T-past (lv-tr (I) (speak (with (the (chef (C-rel (T-pres (lv-tr (the (waiter)) (wonder (C-emb-wh (should (why) (lv-tr (D-e (Rachel)) (talk (to (who))))))))))))))))),,
WH.sub.non.sh.01,What do you think the gift prompted?,(C-mat-wh (T-pres (lv-tr (you) (think (that (T-past (lv-tr (the (gift)) (prompt (what))))))))),"wh-movement, subject island, simple NPs, object",
WH.sub.non.sh.02,What do you think the speech interrupted?,(C-mat-wh (T-pres (lv-tr (you) (think (that (T-past (lv-tr (the (speech)) (interrupt (what))))))))),,
WH.sub.non.sh.03,What do you think the meeting delayed?,(C-mat-wh (T-pres (lv-tr (you) (think (that (T-past (lv-tr (the (meeting)) (delay (what))))))))),,
WH.sub.non.sh.04,What do you think the documentary inspired?,(C-mat-wh (T-pres (lv-tr (you) (think (that (T-past (lv-tr (the (documentary)) (inspire (what))))))))),,
WH.sub.non.sh.05,What do you think the email criticized?,(C-mat-wh (T-pres (lv-tr (you) (think (that (T-past (lv-tr (the (email)) (criticize (what))))))))),,
WH.sub.non.sh.06,What do you think the picture accompanied?,(C-mat-wh (T-pres (lv-tr (you) (think (that (T-past (lv-tr (the (picture)) (accompany (what))))))))),,
WH.sub.non.sh.07,What do you think the flyer promoted?,(C-mat-wh (T-pres (lv-tr (you) (think (that (T-past (lv-tr (the (flyer)) (promote (what))))))))),,
WH.sub.non.sh.08,What do you think the verdict started?,(C-mat-wh (T-pres (lv-tr (you) (think (that (T-past (lv-tr (the (verdict)) (start (what))))))))),,
WH.sub.non.lg.01,What do you think prompted the rumor?,(C-mat-wh (T-pres (lv-tr (you) (think (that (T-past (lv-tr (what) (prompt (the (rumor)))))))))),"wh-movement, subject island, simple NPs, subject",
WH.sub.non.lg.02,What do you think interrupted the news report?,(C-mat-wh (T-pres (lv-tr (you) (think (that (T-past (lv-tr (what) (interrupt (the (news_report)))))))))),,
WH.sub.non.lg.03,What do you think delayed the fundraiser?,(C-mat-wh (T-pres (lv-tr (you) (think (that (T-past (lv-tr (what) (delay (the (fundraiser)))))))))),,
WH.sub.non.lg.04,What do you think inspired the new song?,(C-mat-wh (T-pres (lv-tr (you) (think (that (T-past (lv-tr (what) (inspire (the (new_song)))))))))),,
WH.sub.non.lg.05,What do you think criticized the joke?,(C-mat-wh (T-pres (lv-tr (you) (think (that (T-past (lv-tr (what) (criticize (the (joke)))))))))),,
WH.sub.non.lg.06,What do you think accompanied the article?,(C-mat-wh (T-pres (lv-tr (you) (think (that (T-past (lv-tr (what) (accompany (the (article)))))))))),,
WH.sub.non.lg.07,What do you think promoted the play?,(C-mat-wh (T-pres (lv-tr (you) (think (that (T-past (lv-tr (what) (promote (the (play)))))))))),,
WH.sub.non.lg.08,What do you think started the debate?,(C-mat-wh (T-pres (lv-tr (you) (think (that (T-past (lv-tr (what) (start (the (debate)))))))))),,
WH.sub.isl.sh.01,Who do you think the gift from the lobbyist prompted the rumor about?  ,(C-mat-wh (T-pres (lv-tr (you) (think (that (T-past (lv-tr (the (gift-pobj (from (the (lobbyist))))) (prompt (the (rumor-pobj (about (who)))))))))))),"wh-movement, subject island, complex NPs, object",
WH.sub.isl.sh.02,Who do you think the speech by the president interrupted the news report about?,(C-mat-wh (T-pres (lv-tr (you) (think (that (T-past (lv-tr (the (speech-pobj (by (the (president))))) (interrupt (the (news_report-pobj (about (who)))))))))))),,
WH.sub.isl.sh.03,Who do you think the meeting with the millionaire delayed the fundraiser for?,(C-mat-wh (T-pres (lv-tr (you) (think (that (T-past (lv-tr (the (meeting-pobj (with (the (millionaire))))) (delay (the (fundraiser-pobj (for (who)))))))))))),,
WH.sub.isl.sh.04,Who do you think the documentary about the famous actor inspired the new song by?,(C-mat-wh (T-pres (lv-tr (you) (think (that (T-past (lv-tr (the (documentary-pobj (about (the (famous_actor))))) (inspire (the (new_song-pobj (by (who)))))))))))),,
WH.sub.isl.sh.05,Who do you think the email from the priest criticized the joke about?,(C-mat-wh (T-pres (lv-tr (you) (think (that (T-past (lv-tr (the (email-pobj (from (the (priest))))) (criticize (the (joke-pobj (about (who)))))))))))),,
WH.sub.isl.sh.06,Who do you think the picture of Chad Krueger accompanied the magazine article about?,(C-mat-wh (T-pres (lv-tr (you) (think (that (T-past (lv-tr (the (picture (of (D-e (Chad_Krueger))))) (accompany (the (magazine_article-pobj (about (who)))))))))))),,
WH.sub.isl.sh.07,Who do you think the flyer from the actress promoted the play about?,(C-mat-wh (T-pres (lv-tr (you) (think (that (T-past (lv-tr (the (flyer-pobj (from (the (actress))))) (promote (the (play-pobj (about (who)))))))))))),,
WH.sub.isl.sh.08,Who do you think the review by the critic praised the book about?,(C-mat-wh (T-pres (lv-tr (you) (think (that (T-past (lv-tr (the (review-pobj (by (the (critic))))) (praise (the (book-pobj (about (who)))))))))))),,
WH.sub.isl.lg.01,Who do you think the gift from prompted the rumor about the senator? ,(C-mat-wh (T-pres (lv-tr (you) (think (that (T-past (lv-tr (the (gift-pobj (from (who)))) (prompt (the (rumor-pobj (about (the (senator))))))))))))),"wh-movement, subject island, complex NPs, subject",
WH.sub.isl.lg.02,Who do you think the speech by interrupted the news report about the mayor?,(C-mat-wh (T-pres (lv-tr (you) (think (that (T-past (lv-tr (the (speech-pobj (by (who)))) (interrupt (the (news_report-pobj (about (the (mayor))))))))))))),,
WH.sub.isl.lg.03,Who do you think the meeting with delayed the fundraiser for the candidate?,(C-mat-wh (T-pres (lv-tr (you) (think (that (T-past (lv-tr (the (meeting-pobj (with (who)))) (delay (the (fundraiser-pobj (for (the (candidate))))))))))))),,
WH.sub.isl.lg.04,Who do you think the documentary about inspired the song by Adele?,(C-mat-wh (T-pres (lv-tr (you) (think (that (T-past (lv-tr (the (documentary-pobj (about (who)))) (inspire (the (song-pobj (by (D-e (Adele))))))))))))),,
WH.sub.isl.lg.05,Who do you think the email from criticized the joke about the Pope?,(C-mat-wh (T-pres (lv-tr (you) (think (that (T-past (lv-tr (the (email-pobj (from (who)))) (criticize (the (joke-pobj (about (the (Pope))))))))))))),,
WH.sub.isl.lg.06,Who do you think the picture of accompanied the magazine article about Avril Lavigne?,(C-mat-wh (T-pres (lv-tr (you) (think (that (T-past (lv-tr (the (picture-pobj (of (who)))) (accompany (the (magazine_article-pobj (about (D-e (Avril_Lavigne))))))))))))),,
WH.sub.isl.lg.07,Who do you think the flyer from promoted the play about Abraham Lincoln?,(C-mat-wh (T-pres (lv-tr (you) (think (that (T-past (lv-tr (the (flyer-pobj (from (who)))) (promote (the (play-pobj (about (D-e (Abraham_Lincoln))))))))))))),,
WH.sub.isl.lg.08,Who do you think the review by praised the book about Martin Luther King Jr?,(C-mat-wh (T-pres (lv-tr (you) (think (that (T-past (lv-tr (the (review-pobj (by (who)))) (praise (the (book-pobj (about (D-e (Martin_Luther_King_Jr))))))))))))),,
WH.np.non.sh.01,Who heard that Jeff baked a pie?,(C-mat-wh (T-past (lv-tr (who) (hear (that (T-past (lv-tr (D-e (Jeff)) (bake (a (pie)))))))))),"wh-movement, CNP island, non-island, short",
WH.np.non.sh.02,Who denied that Laura ate the cookie?,(C-mat-wh (T-past (lv-tr (who) (deny (that (T-past (lv-tr (D-e (Laura)) (eat (the (cookie)))))))))),,
WH.np.non.sh.03,Who announced that Andrew won the match?,(C-mat-wh (T-past (lv-tr (who) (announce (that (T-past (lv-tr (D-e (Andrew)) (win (the (match)))))))))),,
WH.np.non.sh.04,Who announced that Jane lost the game?,(C-mat-wh (T-past (lv-tr (who) (announce (that (T-past (lv-tr (D-e (Jane)) (lose (the (game)))))))))),,
WH.np.non.sh.05,Who claimed that Amy stole the pizza?,(C-mat-wh (T-past (lv-tr (who) (claim (that (T-past (lv-tr (D-e (Amy)) (steal (the (pizza)))))))))),,
WH.np.non.sh.06,Who heard that Ralph received the award?,(C-mat-wh (T-past (lv-tr (who) (hear (that (T-past (lv-tr (D-e (Ralph)) (receive (the (award)))))))))),,
WH.np.non.sh.07,Who denied that Jared could afford the car?,(C-mat-wh (T-past (lv-tr (who) (deny (that (could (lv-tr (D-e (Jared)) (afford (the (car)))))))))),,
WH.np.non.sh.08,Who claimed that Elizabeth joined the club?,(C-mat-wh (T-past (lv-tr (who) (claim (that (T-past (lv-tr (D-e (Elizabeth)) (join (the (club)))))))))),,
WH.np.non.lg.01,What did you hear that Jeff baked?,(C-mat-wh (T-past (lv-tr (you) (hear (that (T-past (lv-tr (D-e (Jeff)) (bake (what))))))))),"wh-movement, CNP island, non-island, long",
WH.np.non.lg.02,What did you deny that Laura ate? ,(C-mat-wh (T-past (lv-tr (you) (deny (that (T-past (lv-tr (D-e (Laura)) (eat (what))))))))),,
WH.np.non.lg.03,What did you announce that Andrew won?,(C-mat-wh (T-past (lv-tr (you) (announce (that (T-past (lv-tr (D-e (Andrew)) (win (what))))))))),,
WH.np.non.lg.04,What did you announce that Jane lost?,(C-mat-wh (T-past (lv-tr (you) (announce (that (T-past (lv-tr (D-e (Jane)) (lose (what))))))))),,
WH.np.non.lg.05,What did you claim that Amy stole?,(C-mat-wh (T-past (lv-tr (you) (claim (that (T-past (lv-tr (D-e (Amy)) (steal (what))))))))),,
WH.np.non.lg.06,What did you hear that Ralph received?,(C-mat-wh (T-past (lv-tr (you) (hear (that (T-past (lv-tr (D-e (Ralph)) (receive (what))))))))),,
WH.np.non.lg.07,What did you deny that Jared could afford?,(C-mat-wh (T-past (lv-tr (you) (deny (that (could (lv-tr (D-e (Jared)) (afford (what))))))))),,
WH.np.non.lg.08,What did you claim that Elizabeth joined?,(C-mat-wh (T-past (lv-tr (you) (claim (that (T-past (lv-tr (D-e (Elizabeth)) (join (what))))))))),,
WH.np.isl.sh.01,Who heard the rumor that Jeff baked a pie?,(C-mat-wh (T-past (lv-tr (who) (hear (the (rumor-sc (that (T-past (lv-tr (D-e (Jeff)) (bake (a (pie)))))))))))),"wh-movement, CNP island, island, short",
WH.np.isl.sh.02,Who denied the fact that Laura ate the cookie?,(C-mat-wh (T-past (lv-tr (who) (deny (the (fact-sc (that (T-past (lv-tr (D-e (Laura)) (eat (the (cookie)))))))))))),,
WH.np.isl.sh.03,Who made the announcement that Andrew won the match?,(C-mat-wh (T-past (lv-tr (who) (make (the (announcement-sc (that (T-past (lv-tr (D-e (Andrew)) (win (the (match)))))))))))),,
WH.np.isl.sh.04,Who made the announcement that Jane lost the game?,(C-mat-wh (T-past (lv-tr (who) (make (the (announcement-sc (that (T-past (lv-tr (D-e (Jane)) (lose (the (game)))))))))))),,
WH.np.isl.sh.05,Who made the claim that Amy stole the pizza?,(C-mat-wh (T-past (lv-tr (who) (make (the (claim-n-sc (that (T-past (lv-tr (D-e (Amy)) (steal (the (pizza)))))))))))),,
WH.np.isl.sh.06,Who heard the rumor that Ralph received the award?,(C-mat-wh (T-past (lv-tr (who) (hear (the (rumor-sc (that (T-past (lv-tr (D-e (Ralph)) (receive (the (award)))))))))))),,
WH.np.isl.sh.07,Who denied the fact that Jared could afford the car?,(C-mat-wh (T-past (lv-tr (who) (deny (the (fact-sc (that (could (lv-tr (D-e (Jared)) (afford (the (car)))))))))))),,
WH.np.isl.sh.08,Who made the claim that Elizabeth joined the club?,(C-mat-wh (T-past (lv-tr (who) (make (the (claim-n-sc (that (T-past (lv-tr (D-e (Elizabeth)) (join (the (club)))))))))))),,
WH.np.isl.lg.01,What did you hear the rumor that Jeff baked?,(C-mat-wh (T-past (lv-tr (you) (hear (the (rumor-sc (that (T-past (lv-tr (D-e (Jeff)) (bake (what))))))))))),"wh-movement, CNP island, island, long",
WH.np.isl.lg.02,What did you deny the fact that Laura ate?,(C-mat-wh (T-past (lv-tr (you) (deny (the (fact-sc (that (T-past (lv-tr (D-e (Laura)) (eat (what))))))))))),,
WH.np.isl.lg.03,What did you make the announcement that Andrew won?,(C-mat-wh (T-past (lv-tr (you) (make (the (announcement-sc (that (T-past (lv-tr (D-e (Andrew)) (win (what))))))))))),,
WH.np.isl.lg.04,What did you make the announcement that Jane lost?,(C-mat-wh (T-past (lv-tr (you) (make (the (announcement-sc (that (T-past (lv-tr (D-e (Jane)) (lose (what))))))))))),,
WH.np.isl.lg.05,What did you make the claim that Amy stole?,(C-mat-wh (T-past (lv-tr (you) (make (the (claim-n-sc (that (T-past (lv-tr (D-e (Amy)) (steal (what))))))))))),,
WH.np.isl.lg.06,What did you hear the rumor that Ralph received?,(C-mat-wh (T-past (lv-tr (you) (hear (the (rumor-sc (that (T-past (lv-tr (D-e (Ralph)) (receive (what))))))))))),,
WH.np.isl.lg.07,What did you deny the fact that Jared could afford?,(C-mat-wh (T-past (lv-tr (you) (deny (the (fact-sc (that (could (lv-tr (D-e (Jared)) (afford (what))))))))))),,
WH.np.isl.lg.08,What did you make the claim that Elizabeth joined?,(C-mat-wh (T-past (lv-tr (you) (make (the (claim-n-sc (that (T-past (lv-tr (D-e (Elizabeth)) (join (what))))))))))),,
RC.adj.non.sh.01,I called the secretary who thought that the lawyer insulted the client.,(C-mat-decl (T-past (lv-tr (I) (call (the (secretary (C-rel (T-past (lv-tr (who) (think (that (T-past (lv-tr (the (lawyer)) (insult (the (client)))))))))))))))),"rc-movement, adjunct, non-island, short",
RC.adj.non.sh.02,I sympathize with the reverand who believes that the bride and groom neglected to thank their parents.,(C-mat-decl (T-pres (lv-tr (I) (sympathize (with (the (reverand (C-rel (T-pres (lv-tr (who) (believe (that (T-past (lv-tr (the (bride_and_groom)) (neglect (to-inf (lv-tr (PRO) (thank (their (parents)))))))))))))))))))),,
RC.adj.non.sh.03,I talked to the news reporter who claims that the tourists photographed the famous actor.,(C-mat-decl (T-past (lv-tr (I) (talk (to (the (news_reporter (C-rel (T-pres (lv-tr (who) (claim (that (T-past (lv-tr (the (tourists)) (photograph (the (famous_actor))))))))))))))))),,
RC.adj.non.sh.04,I met the parents who thought that the child prodigy imitated the famous artist.,(C-mat-decl (T-past (lv-tr (I) (meet (the (parents (C-rel (T-past (lv-tr (who) (think (that (T-past (lv-tr (the (child_prodigy)) (imitate (the (famous_artist)))))))))))))))),,
RC.adj.non.sh.05,I served the customer who believes that the young couple played with their child at the restaurant.,(C-mat-decl (T-past (lv-tr (I) (serve (the (customer (C-rel (T-pres (lv-tr (who) (believe (that (T-past (lv-tr (the (young_couple)) (play (with (the (child))) (at (the (restaurant))))))))))))))))),treated post-modifier PP as dependent,
RC.adj.non.sh.06,I spoke with the professor who claims that the students publicly criticized the college president.,(C-mat-decl (T-past (lv-tr (I) (speak (with (the (professor (C-rel (T-pres (lv-tr (who) (claim (that (T-past (lv-tr (the (students)) (criticize (publicly) (the (college_president))))))))))))))))),,
RC.adj.non.sh.07,I interviewed the employee who thought that the office manager was blackmailing an executive.,(C-mat-decl (T-past (lv-tr (I) (interview (the (employee (C-rel (T-past (lv-tr (who) (think (that (T-past (Prog (lv-tr (the (office_manager)) (blackmail (an (executive))))))))))))))))),,
RC.adj.non.sh.08,I emailed the teacher who said that her students were writing letters to their congressman.,(C-mat-decl (T-past (lv-tr (I) (email (the (teacher (C-rel (T-past (lv-tr (who) (say (that (T-past (Prog (lv-tr (her (students)) (write-dobj-pobj (D-e (letters)) (to (their (congressman)))))))))))))))))),,
RC.adj.non.lg.01,I called the client who the secretary thought that the lawyer insulted.,(C-mat-decl (T-past (lv-tr (I) (call (the (secretary (C-rel (T-past (lv-tr (the (secretary)) (think (that (T-past (lv-tr (the (lawyer)) (insult (who))))))))))))))),"rc-movement, adjunct, non-island, long",
RC.adj.non.lg.02,I sympathize with the parents who the reverand believes that the bride and groom neglected to thank.,(C-mat-decl (T-pres (lv-tr (I) (sympathize (with (the (parents (C-rel (T-pres (lv-tr (the (reverand)) (believe (that (T-past (lv-tr (the (bride_and_groom)) (neglect (to-inf (lv-tr (PRO) (thank (who))))))))))))))))))),,
RC.adj.non.lg.03,I talked to the famous actor who the news reporter claims that the tourists photographed.,(C-mat-decl (T-past (lv-tr (I) (talk (to (the (famous_actor (C-rel (T-pres (lv-tr (the (news_reporter)) (claim (that (T-past (lv-tr (the (tourists)) (photograph (who)))))))))))))))),,
RC.adj.non.lg.04,I met the famous artist who the parents thought that the child prodigy imitated.,(C-mat-decl (T-past (lv-tr (I) (meet (the (famous_artist (C-rel (T-past (lv-tr (the (parents)) (think (that (T-past (lv-tr (the (child_prodigy)) (imitate (who))))))))))))))),,
RC.adj.non.lg.05,I served the child who the other customer believed that the young couple played with at the restaurant.,(C-mat-decl (T-past (lv-tr (I) (serve (the (child (C-rel (T-past (lv-tr (the (other_customer)) (believe (that (T-past (lv-tr (the (young_couple)) (play (with (who)) (at (the (restaurant))))))))))))))))),,
RC.adj.non.lg.06,I spoke with the college president who the professor claims that the students publicly criticized.,(C-mat-decl (T-past (lv-tr (I) (speak (with (the (college_president (C-rel (T-pres (lv-tr (the (professor)) (claim (that (T-past (lv-tr (the (students)) (criticize (publicly) (who)))))))))))))))),,
RC.adj.non.lg.07,I interviewed the executive who the employee thought that the office manager was blackmailing.,(C-mat-decl (T-past (lv-tr (I) (interview (the (executive (C-rel (T-past (lv-tr (the (employee)) (think (that (T-past (Prog (lv-tr (the (office_manager)) (blackmail (who)))))))))))))))),,
RC.adj.non.lg.08,I emailed the congressman who the teacher said that her students were writing letters to. ,(C-mat-decl (T-past (lv-tr (I) (email (the (congressman (C-rel (T-past (lv-tr (the (teacher)) (say (that (T-past (Prog (lv-tr (her (students)) (write-dobj-pobj (D-e (letters)) (to (who))))))))))))))))),,
RC.adj.isl.sh.01,I called the secretary who worries if the lawyer insults the client.,(C-mat-decl (T-past (lv-tr (I) (call (the (secretary (C-rel (T-pres (lv-tr (who) (worry (if (T-pres (lv-tr (the (lawyer)) (insult (the (client)))))))))))))))),"rc-movement, adjunct, island, short","I think this is an argument, but keeping it an adjunct for consistency"
RC.adj.isl.sh.02,I sympathize with the reverand who sighs if the bride and groom neglect to thank their parents.,(C-mat-decl (T-pres (lv-tr (I) (sympathize (with (the (reverand (C-rel (T-pres (lv-tr (who) (sigh (if (T-pres (lv-tr (the (bride_and_groom)) (neglect (to-inf (lv-tr (PRO) (thank (their (parents)))))))))))))))))))),,
RC.adj.isl.sh.03,I talked to the news reporter who coughs if the tourists photograph the famous actor.,(C-mat-decl (T-past (lv-tr (I) (talk (to (the (news_reporter (C-rel (T-pres (lv-tr (who) (cough (if (T-pres (lv-tr (the (tourists)) (photograph (the (famous_actor))))))))))))))))),,
RC.adj.isl.sh.04,I met the parents that blush if the child prodigy imitates the famous artist.,(C-mat-decl (T-past (lv-tr (I) (meet (the (parents (that-rel (T-pres (lv-tr (Op) (blush (if (T-pres (lv-tr (the (child_prodigy)) (imitate (the (famous_artist)))))))))))))))),,
RC.adj.isl.sh.05,I served the customer who winks if the young couple play with their child at the restaurant.,(C-mat-decl (T-past (lv-tr (I) (serve (the (customer (C-rel (T-pres (lv-tr (who) (wink (if (T-pres (lv-tr (the (young_couple)) (play (with (the (child))) (at (the (restaurant))))))))))))))))),,
RC.adj.isl.sh.06,I spoke with the professor who faints if the students publicly criticize the college president.,(C-mat-decl (T-past (lv-tr (I) (speak (with (the (professor (C-rel (T-pres (lv-tr (who) (faint (if (T-pres (lv-tr (the (students)) (criticize (publicly) (the (college_president))))))))))))))))),,
RC.adj.isl.sh.07,I interviewed the employee who laughs if the office manager blackmails an executive.,(C-mat-decl (T-past (lv-tr (I) (interview (the (employee (C-rel (T-pres (lv-tr (who) (laugh (if (T-pres (lv-tr (the (office_manager)) (blackmail (an (executive)))))))))))))))),,
RC.adj.isl.sh.08,I emailed the teacher who smiles if her students write letters to their congressman.,(C-mat-decl (T-past (lv-tr (I) (email (the (teacher (C-rel (T-pres (lv-tr (who) (smile (if (T-pres (lv-tr (her (students)) (write-dobj-pobj (D-e (letters)) (to (their (congressman))))))))))))))))),,
RC.adj.isl.lg.01,I called the client who the secretary worries if the lawyer insults.,(C-mat-decl (T-past (lv-tr (I) (call (the (secretary (C-rel (T-pres (lv-tr (the (secretary)) (worry (if (T-pres (lv-tr (the (lawyer)) (insult (who))))))))))))))),"rc-movement, adjunct, island, long",
RC.adj.isl.lg.02,I sympathize with the parents who the reverand sighs if the bride and groom neglect to thank.,(C-mat-decl (T-pres (lv-tr (I) (sympathize (with (the (parents (C-rel (T-pres (lv-tr (the (reverand)) (sigh (if (T-pres (lv-tr (the (bride_and_groom)) (neglect (to-inf (lv-tr (PRO) (thank (who))))))))))))))))))),,
RC.adj.isl.lg.03,I talked to the famous actor who the news reporter coughs if the tourists photograph.,(C-mat-decl (T-past (lv-tr (I) (talk (to (the (famous_actor (C-rel (T-pres (lv-tr (the (news_reporter)) (cough (if (T-pres (lv-tr (the (tourists)) (photograph (who)))))))))))))))),,
RC.adj.isl.lg.04,I met the famous artist who the parents blush if the child prodigy imitates.,(C-mat-decl (T-past (lv-tr (I) (meet (the (famous_artist (C-rel (T-pres (lv-tr (the (parents)) (blush (if (T-pres (lv-tr (the (child_prodigy)) (imitate (who))))))))))))))),,
RC.adj.isl.lg.05,I served the child who the other customer winks if the young couple play with at the restaurant.,(C-mat-decl (T-past (lv-tr (I) (serve (the (child (C-rel (T-pres (lv-tr (the (other_customer)) (wink (if (T-pres (lv-tr (the (young_couple)) (play (with (who)) (at (the (restaurant))))))))))))))))),,
RC.adj.isl.lg.06,I spoke with the college president who the professor faints if the students publicly criticize.,(C-mat-decl (T-past (lv-tr (I) (speak (with (the (college_president (C-rel (T-pres (lv-tr (the (professor)) (faint (if (T-pres (lv-tr (the (students)) (criticize (publicly) (who)))))))))))))))),,
RC.adj.isl.lg.07,I interviewed the executive who the employee laughs if the office manager blackmails.,(C-mat-decl (T-past (lv-tr (I) (interview (the (executive (C-rel (T-pres (lv-tr (the (employee)) (laugh (if (T-pres (lv-tr (the (office_manager)) (blackmail (who))))))))))))))),,
RC.adj.isl.lg.08,I emailed the congressman who the teacher smiles if her students write letters to. ,(C-mat-decl (T-past (lv-tr (I) (email (the (congressman (C-rel (T-pres (lv-tr (the (teacher)) (smile (if (T-pres (lv-tr (her (students)) (write-dobj-pobj (D-e (letters)) (to (who)))))))))))))))),,
WH.adj.non.sh.01,Who thinks that the lawyer forgot his briefcase at the office?,(C-mat-wh (T-pres (lv-tr (who) (think (that (T-past (lv-tr (the (lawyer)) (forget (his (briefcase)) (at (the (office))))))))))),"wh-movement, adjunct, non-island, short",
WH.adj.non.sh.02,Who wishes that the heiress bought a painting at the auction?,(C-mat-wh (T-pres (lv-tr (who) (wish (that (T-past (lv-tr (the (heiress)) (buy (a (painting)) (at (the (auction))))))))))),,
WH.adj.non.sh.03,Who suspects that the bride and groom neglected to send a thank you note promptly?,(C-mat-wh (T-pres (lv-tr (who) (suspect (that (T-past (lv-tr (the (bride_and_groom)) (neglect (to-inf (lv-tr (PRO) (send (a (thank_you_note)) (promptly)))))))))))),,
WH.adj.non.sh.04,Who thinks that the child prodigy will submit a drawing to the art contest?,(C-mat-wh (T-pres (lv-tr (who) (think (that (will (lv-tr (the (child_prodigy)) (submit (a (drawing)) (to (the (art_contest))))))))))),,
WH.adj.non.sh.05,Who hopes that the dog owner will leave a window open at night?,(C-mat-wh (T-pres (lv-tr (who) (hope (that (will (lv-tr (the (dog_owner)) (leave (a (window)) (open) (at (D-e (night))))))))))),,
WH.adj.non.sh.06,Who complains that the tourists photograph the priceless painting in the exhibit?,(C-mat-wh (T-pres (lv-tr (who) (complain (that (T-pres (lv-tr (the (tourists)) (photograph (the (priceless_painting)) (in (the (exhibit))))))))))),,
WH.adj.non.sh.07,Who claims that the sweethearts share popcorn at the movies?,(C-mat-wh (T-pres (lv-tr (who) (claim (that (T-pres (lv-tr (the (sweethearts)) (share (D-e (popcorn)) (at (the (movies))))))))))),,
WH.adj.non.sh.08,Who believes that the actors will forget their lines on stage?,(C-mat-wh (T-pres (lv-tr (who) (believe (that (will (lv-tr (the (actors)) (forget (their (lines)) (on (D-e (stage))))))))))),,
WH.adj.non.lg.01,What do you think that the lawyer forgot at the office?,(C-mat-wh (T-pres (lv-tr (you) (think (that (T-past (lv-tr (the (lawyer)) (forget (what) (at (the (office))))))))))),"wh-movement, adjunct, non-island, long",
WH.adj.non.lg.02,What do you wish that the heiress bought at the auction?,(C-mat-wh (T-pres (lv-tr (you) (wish (that (T-past (lv-tr (the (heiress)) (buy (what) (at (the (auction))))))))))),,
WH.adj.non.lg.03,What do you suspect that the bride and groom neglected to send promptly?,(C-mat-wh (T-pres (lv-tr (you) (suspect (that (T-past (lv-tr (the (bride_and_groom)) (neglect (to-inf (lv-tr (PRO) (send (what) (promptly)))))))))))),,
WH.adj.non.lg.04,What do you think that the child prodigy will submit to the art contest?,(C-mat-wh (T-pres (lv-tr (you) (think (that (will (lv-tr (the (child_prodigy)) (submit (a (drawing)) (to (the (art_contest))))))))))),,
WH.adj.non.lg.05,What do you hope that the dog owner will leave open at night?,(C-mat-wh (T-pres (lv-tr (you) (hope (that (will (lv-tr (the (dog_owner)) (leave (what) (open) (at (D-e (night))))))))))),,
WH.adj.non.lg.06,What do you complain that the tourists photograph in the exhibit?,(C-mat-wh (T-pres (lv-tr (you) (complain (that (T-pres (lv-tr (the (tourists)) (photograph (what) (in (the (exhibit))))))))))),,
WH.adj.non.lg.07,What do you claim that the sweethearts share at the movies?,(C-mat-wh (T-pres (lv-tr (you) (claim (that (T-pres (lv-tr (the (sweethearts)) (share (what) (at (the (movies))))))))))),,
WH.adj.non.lg.08,What do you believe that the actors will forget on stage?,(C-mat-wh (T-pres (lv-tr (you) (believe (that (will (lv-tr (the (actors)) (forget (what) (on (D-e (stage))))))))))),,
WH.adj.isl.sh.01,Who worries if the lawyer forgets his briefcase at the office?,(C-mat-wh (T-pres (lv-tr (who) (worry (if (T-pres (lv-tr (the (lawyer)) (forget (his (briefcase)) (at (the (office))))))))))),"wh-movement, adjunct, island, short",
WH.adj.isl.sh.02,Who laughs if the heiress buys a painting at the auction?,(C-mat-wh (T-pres (lv-tr (who) (laugh (if (T-pres (lv-tr (the (heiress)) (buy (a (painting)) (at (the (auction))))))))))),,
WH.adj.isl.sh.03,Who sighs if the bride and groom neglect to send a thank you note promptly?,(C-mat-wh (T-pres (lv-tr (who) (sigh (if (T-pres (lv-tr (the (bride_and_groom)) (neglect (to-inf (lv-tr (PRO) (send (a (thank_you_note)) (promptly)))))))))))),,
WH.adj.isl.sh.04,Who blushes if the child prodigy submits a drawing to the art contest?,(C-mat-wh (T-pres (lv-tr (who) (blush (if (T-pres (lv-tr (the (child_prodigy)) (submit (a (drawing)) (to (the (art_contest))))))))))),,
WH.adj.isl.sh.05,Who sneezes if the dog owner leaves a window open at night?,(C-mat-wh (T-pres (lv-tr (who) (sneeze (if (T-pres (lv-tr (the (dog_owner)) (leave (a (window)) (open) (at (D-e (night))))))))))),,
WH.adj.isl.sh.06,Who coughs if the tourists photograph the priceless painting in the exhibit?,(C-mat-wh (T-pres (lv-tr (who) (cough (if (T-pres (lv-tr (the (tourists)) (photograph (the (priceless_painting)) (in (the (exhibit))))))))))),,
WH.adj.isl.sh.07,Who winks if the sweethearts share popcorn at the movies?,(C-mat-wh (T-pres (lv-tr (who) (wink (if (T-pres (lv-tr (the (sweethearts)) (share (D-e (popcorn)) (at (the (movies))))))))))),,
WH.adj.isl.sh.08,Who faints if the actors forget their lines on stage?,(C-mat-wh (T-pres (lv-tr (who) (faint (if (T-pres (lv-tr (the (actors)) (forget (their (lines)) (on (D-e (stage))))))))))),,
WH.adj.isl.lg.01,What do you worry if the lawyer forgets at the office?,(C-mat-wh (T-pres (lv-tr (you) (worry (if (T-pres (lv-tr (the (lawyer)) (forget (what) (at (the (office))))))))))),"wh-movement, adjunct, island, long",
WH.adj.isl.lg.02,What do you laugh if the heiress buys at the auction?,(C-mat-wh (T-pres (lv-tr (you) (laugh (if (T-pres (lv-tr (the (heiress)) (buy (what) (at (the (auction))))))))))),,
WH.adj.isl.lg.03,What do you sigh if the bride and groom neglect to send promptly?,(C-mat-wh (T-pres (lv-tr (you) (sigh (if (T-pres (lv-tr (the (bride_and_groom)) (neglect (to-inf (lv-tr (PRO) (send (what) (promptly)))))))))))),,
WH.adj.isl.lg.04,What do you blush if the child prodigy submits to the art contest?,(C-mat-wh (T-pres (lv-tr (you) (blush (if (T-pres (lv-tr (the (child_prodigy)) (submit (a (drawing)) (to (the (art_contest))))))))))),,
WH.adj.isl.lg.05,What do you sneeze if the dog owner leaves open at night?,(C-mat-wh (T-pres (lv-tr (you) (sneeze (if (T-pres (lv-tr (the (dog_owner)) (leave (what) (open) (at (D-e (night))))))))))),,
WH.adj.isl.lg.06,What do you cough if the tourists photograph in the exhibit?,(C-mat-wh (T-pres (lv-tr (you) (cough (if (T-pres (lv-tr (the (tourists)) (photograph (what) (in (the (exhibit))))))))))),,
WH.adj.isl.lg.07,What do you wink if the sweethearts share at the movies?,(C-mat-wh (T-pres (lv-tr (you) (wink (if (T-pres (lv-tr (the (sweethearts)) (share (what) (at (the (movies))))))))))),,
WH.adj.isl.lg.08,What do you faint if the actors forget on stage?,(C-mat-wh (T-pres (lv-tr (you) (faint (if (T-pres (lv-tr (the (actors)) (forget (what) (on (D-e (stage))))))))))),,
RC.np.non.sh.01,I know the fisherman who heard that Laura is dating the boat captain.,(C-mat-decl (T-pres (lv-tr (I) (know (the (fisherman (C-rel (T-past (lv-tr (who) (hear (that (T-pres (Prog (lv-tr (D-e (Laura)) (date (the (boat_captain))))))))))))))))),"rc-movement, CNP island, non-island, short",
RC.np.non.sh.02,I trust the chef who suggested that Rebecca should hire a new waiter.,(C-mat-decl (T-pres (lv-tr (I) (trust (the (chef (C-rel (T-past (lv-tr (who) (suggest (that (should (lv-tr (D-e (Rebecca)) (hire (a (new_waiter)))))))))))))))),,
RC.np.non.sh.03,I agree with the teacher who recommended that Stan should talk to the principal.,(C-mat-decl (T-pres (lv-tr (I) (agree (with (the (teacher (C-rel (T-past (lv-tr (who) (recommend (that (should (lv-tr (D-e (Stan)) (talk (to (the (principal)))))))))))))))))),,
RC.np.non.sh.04,I believe the employee who claimed that Amy insulted the customer.,(C-mat-decl (T-pres (lv-tr (I) (believe (the (employee (C-rel (T-past (lv-tr (who) (claim (that (T-past (lv-tr (D-e (Amy)) (insult (the (customer)))))))))))))))),,
RC.np.non.sh.05,I spoke to the detective who heard that Lilly could identify the criminal.,(C-mat-decl (T-past (lv-tr (I) (speak (to (the (detective (C-rel (T-past (lv-tr (who) (hear (that (could (lv-tr (D-e (Lilly)) (identify (the (criminal))))))))))))))))),,
RC.np.non.sh.06,I trust the accountant who suggested that Ralph should contact a stock broker.,(C-mat-decl (T-pres (lv-tr (I) (trust (the (account (C-rel (T-past (lv-tr (who) (suggest (that (should (lv-tr (D-e (Ralph)) (contact (a (stock_broker)))))))))))))))),,
RC.np.non.sh.07,I like the nurse who recommended that Susan should see a new doctor.,(C-mat-decl (T-pres (lv-tr (I) (like (the (nurse (C-rel (T-past (lv-tr (who) (recommend (that (should (lv-tr (D-e (Susan)) (see (a (new_doctor)))))))))))))))),,
RC.np.non.sh.08,I called the coach who claimed that Dennis pushed his teammate.,(C-mat-decl (T-past (lv-tr (I) (call (the (coach (C-rel (T-past (lv-tr (who) (claim (that (T-past (lv-tr (D-e (Dennis)) (push (his (teammate)))))))))))))))),,
RC.np.non.lg.01,I know the boat captain who the fisherman heard that Laura is dating.,(C-mat-decl (T-pres (lv-tr (I) (know (the (boat_captain (C-rel (T-past (lv-tr (the (fisherman)) (hear (that (T-pres (Prog (lv-tr (D-e (Laura)) (date (who)))))))))))))))),"rc-movement, CNP island, non-island, long",
RC.np.non.lg.02,I trust the waiter who the chef suggested that Rebecca should hire.,(C-mat-decl (T-pres (lv-tr (I) (trust (the (waiter (C-rel (T-past (lv-tr (the (chef)) (suggest (that (should (lv-tr (D-e (Rebecca)) (hire (who))))))))))))))),,
RC.np.non.lg.03,I agree with the principal who the teacher recommended that Stan should talk to.,(C-mat-decl (T-pres (lv-tr (I) (agree (with (the (principal (C-rel (T-past (lv-tr (the (teacher)) (recommend (that (should (lv-tr (D-e (Stan)) (talk (to (who))))))))))))))))),,
RC.np.non.lg.04,I believe the customer who the employee claimed that Amy insulted.,(C-mat-decl (T-pres (lv-tr (I) (believe (the (customer (C-rel (T-past (lv-tr (the (employee)) (claim (that (T-past (lv-tr (D-e (Amy)) (insult (who))))))))))))))),,
RC.np.non.lg.05,I spoke to the criminal who the detective heard that Lilly could identify.,(C-mat-decl (T-past (lv-tr (I) (speak (to (the (criminal (C-rel (T-past (lv-tr (the (detective)) (hear (that (could (lv-tr (D-e (Lilly)) (identify (who)))))))))))))))),,
RC.np.non.lg.06,I trust the stock broker who the accountant suggested that Ralph should contact.,(C-mat-decl (T-pres (lv-tr (I) (trust (the (stock_broker (C-rel (T-past (lv-tr (the (accountant)) (suggest (that (should (lv-tr (D-e (Ralph)) (contact (who))))))))))))))),,
RC.np.non.lg.07,I like the new doctor who the nurse recommended that Susan should see.,(C-mat-decl (T-pres (lv-tr (I) (like (the (new_doctor (C-rel (T-past (lv-tr (the (nurse)) (recommend (that (should (lv-tr (D-e (Susan)) (see (who))))))))))))))),,
RC.np.non.lg.08,I called teammate who the coach claimed that Dennis pushed.,(C-mat-decl (T-past (lv-tr (I) (call (the (teammate (C-rel (T-past (lv-tr (the (coach)) (claim (that (T-past (lv-tr (D-e (Dennis)) (push (who))))))))))))))),,
RC.np.isl.sh.01,I know the fisherman who heard the rumor that Laura is dating the boat captain.,(C-mat-decl (T-pres (lv-tr (I) (know (the (fisherman (C-rel (T-past (lv-tr (who) (hear (the (rumor-sc (that (T-pres (Prog (lv-tr (D-e (Laura)) (date (the (boat_captain))))))))))))))))))),"rc-movement, CNP island, island, short",
RC.np.isl.sh.02,I trust the chef who made the suggestion that Rebecca should hire a new waiter.,(C-mat-decl (T-pres (lv-tr (I) (trust (the (chef (C-rel (T-past (lv-tr (who) (make (the (suggestion-sc (that (should (lv-tr (D-e (Rebecca)) (hire (a (new_waiter)))))))))))))))))),,
RC.np.isl.sh.03,I agree with the teacher who made the recommendation that Stan should talk to the principal.,(C-mat-decl (T-pres (lv-tr (I) (agree (with (the (teacher (C-rel (T-past (lv-tr (who) (make (the (recommendation-sc (that (should (lv-tr (D-e (Stan)) (talk (to (the (principal)))))))))))))))))))),,
RC.np.isl.sh.04,I believe the employee who made the claim that Amy insulted the customer.,(C-mat-decl (T-pres (lv-tr (I) (believe (the (employee (C-rel (T-past (lv-tr (who) (make (the (claim-n-sc (that (T-past (lv-tr (D-e (Amy)) (insult (the (customer)))))))))))))))))),,
RC.np.isl.sh.05,I spoke to the detective who heard the rumor that Lilly could identify the criminal.,(C-mat-decl (T-past (lv-tr (I) (speak (to (the (detective (C-rel (T-past (lv-tr (who) (hear (the (rumor-sc (that (could (lv-tr (D-e (Lilly)) (identify (the (criminal))))))))))))))))))),,
RC.np.isl.sh.06,I trust the accountant who made the suggestion that Ralph should contact a stock broker.,(C-mat-decl (T-pres (lv-tr (I) (trust (the (account (C-rel (T-past (lv-tr (who) (make (the (suggestion-sc (that (should (lv-tr (D-e (Ralph)) (contact (a (stock_broker)))))))))))))))))),,
RC.np.isl.sh.07,I like the nurse who made the recommendation that Susan should see a new doctor.,(C-mat-decl (T-pres (lv-tr (I) (like (the (nurse (C-rel (T-past (lv-tr (who) (make (the (recommendation-sc (that (should (lv-tr (D-e (Susan)) (see (a (new_doctor)))))))))))))))))),,
RC.np.isl.sh.08,I called the coach who made the claim that Dennis pushed his teammate.,(C-mat-decl (T-past (lv-tr (I) (call (the (coach (C-rel (T-past (lv-tr (who) (make (the (claim-sc (that (T-past (lv-tr (D-e (Dennis)) (push (his (teammate)))))))))))))))))),,
RC.np.isl.lg.01,I know the boat captain who the fisherman heard the rumor that Laura is dating.,(C-mat-decl (T-pres (lv-tr (I) (know (the (boat_captain (C-rel (T-past (lv-tr (the (fisherman)) (hear (the (rumor-sc (that (T-pres (Prog (lv-tr (D-e (Laura)) (date (who)))))))))))))))))),"rc-movement, CNP island, island, long",
RC.np.isl.lg.02,I trust the waiter who the chef made the suggestion that Rebecca should hire.,(C-mat-decl (T-pres (lv-tr (I) (trust (the (waiter (C-rel (T-past (lv-tr (the (chef)) (make (the (suggestion-sc (that (should (lv-tr (D-e (Rebecca)) (hire (who))))))))))))))))),,
RC.np.isl.lg.03,I agree with the principal who the teacher made the recommendation that Stan should talk to.,(C-mat-decl (T-pres (lv-tr (I) (agree (with (the (principal (C-rel (T-past (lv-tr (the (teacher)) (make (the (recommendation-sc (that (should (lv-tr (D-e (Stan)) (talk (to (who))))))))))))))))))),,
RC.np.isl.lg.04,I believe the customer who the employee made the claim that Amy insulted.,(C-mat-decl (T-pres (lv-tr (I) (believe (the (customer (C-rel (T-past (lv-tr (the (employee)) (make (the (claim-n-sc (that (T-past (lv-tr (D-e (Amy)) (insult (who))))))))))))))))),,
RC.np.isl.lg.05,I spoke to the criminal who the detective heard the rumor that Lilly could identify.,(C-mat-decl (T-past (lv-tr (I) (speak (to (the (criminal (C-rel (T-past (lv-tr (the (detective)) (hear (the (rumor-sc (that (could (lv-tr (D-e (Lilly)) (identify (who)))))))))))))))))),,
RC.np.isl.lg.06,I trust the stock broker who the accountant made the suggestion that Ralph should contact.,(C-mat-decl (T-pres (lv-tr (I) (trust (the (stock_broker (C-rel (T-past (lv-tr (the (accountant)) (suggest (that (should (lv-tr (D-e (Ralph)) (contact (who))))))))))))))),,
RC.np.isl.lg.07,I like the new doctor who the nurse made the recommendation that Susan should see.,(C-mat-decl (T-pres (lv-tr (I) (like (the (new_doctor (C-rel (T-past (lv-tr (the (nurse)) (make (the (recommendation-sc (that (should (lv-tr (D-e (Susan)) (see (who))))))))))))))))),,
RC.np.isl.lg.08,I called teammate who the coach made the claim that Dennis pushed.,(C-mat-decl (T-past (lv-tr (I) (call (the (teammate (C-rel (T-past (lv-tr (the (coach)) (make (the (claim-sc (that (T-past (lv-tr (D-e (Dennis)) (push (who))))))))))))))))),,
