item,zscores,sent,tree,score
RC.adj.isl.lg.01,-0.6898937175714286,I called the client who the secretary worries if the lawyer insults.,(C-mat-decl (T-past (lv-tr (I) (call (the (secretary (C-rel (T-pres (lv-tr (the (secretary)) (worry (if (T-pres (lv-tr (the (lawyer)) (insult (who))))))))))))))),0.2239563498593211
RC.adj.isl.lg.02,-1.0671034731428573,I sympathize with the parents who the reverand sighs if the bride and groom neglect to thank.,(C-mat-decl (T-pres (lv-tr (I) (sympathize (with (the (parents (C-rel (T-pres (lv-tr (the (reverand)) (sigh (if (T-pres (lv-tr (the (bride_and_groom)) (neglect (to-inf (lv-tr (PRO) (thank (who))))))))))))))))))),0.07973023375290292
RC.adj.isl.lg.03,-0.9366710437692307,I talked to the famous actor who the news reporter coughs if the tourists photograph.,(C-mat-decl (T-past (lv-tr (I) (talk (to (the (famous_actor (C-rel (T-pres (lv-tr (the (news_reporter)) (cough (if (T-pres (lv-tr (the (tourists)) (photograph (who)))))))))))))))),0.12960106138933356
RC.adj.isl.lg.04,-0.5361019501428572,I met the famous artist who the parents blush if the child prodigy imitates.,(C-mat-decl (T-past (lv-tr (I) (meet (the (famous_artist (C-rel (T-pres (lv-tr (the (parents)) (blush (if (T-pres (lv-tr (the (child_prodigy)) (imitate (who))))))))))))))),0.28275861829949733
RC.adj.isl.lg.05,-0.9177892012857143,I served the child who the other customer winks if the young couple play with at the restaurant.,(C-mat-decl (T-past (lv-tr (I) (serve (the (child (C-rel (T-pres (lv-tr (the (other_customer)) (wink (if (T-pres (lv-tr (the (young_couple)) (play (with (who)) (at (the (restaurant))))))))))))))))),0.13682053216416898
RC.adj.isl.lg.06,-0.9896732522857142,I spoke with the college president who the professor faints if the students publicly criticize.,(C-mat-decl (T-past (lv-tr (I) (speak (with (the (college_president (C-rel (T-pres (lv-tr (the (professor)) (faint (if (T-pres (lv-tr (the (students)) (criticize (publicly) (who)))))))))))))))),0.10933567173148998
RC.adj.isl.lg.07,-0.9925092493076924,I interviewed the executive who the employee laughs if the office manager blackmails.,(C-mat-decl (T-past (lv-tr (I) (interview (the (executive (C-rel (T-pres (lv-tr (the (employee)) (laugh (if (T-pres (lv-tr (the (office_manager)) (blackmail (who))))))))))))))),0.10825132852528194
RC.adj.isl.lg.08,-0.8729783157857143,I emailed the congressman who the teacher smiles if her students write letters to.,(C-mat-decl (T-past (lv-tr (I) (email (the (congressman (C-rel (T-pres (lv-tr (the (teacher)) (smile (if (T-pres (lv-tr (her (students)) (write-dobj-pobj (D-e (letters)) (to (who)))))))))))))))),0.1539539702036064
RC.adj.isl.sh.01,0.14650673092857142,I called the secretary who worries if the lawyer insults the client.,(C-mat-decl (T-past (lv-tr (I) (call (the (secretary (C-rel (T-pres (lv-tr (who) (worry (if (T-pres (lv-tr (the (lawyer)) (insult (the (client)))))))))))))))),0.5437539860951065
RC.adj.isl.sh.02,0.11744975842857144,I sympathize with the reverand who sighs if the bride and groom neglect to thank their parents.,(C-mat-decl (T-pres (lv-tr (I) (sympathize (with (the (reverand (C-rel (T-pres (lv-tr (who) (sigh (if (T-pres (lv-tr (the (bride_and_groom)) (neglect (to-inf (lv-tr (PRO) (thank (their (parents)))))))))))))))))))),0.5326440552738915
RC.adj.isl.sh.03,-0.5503317357142857,I talked to the news reporter who coughs if the tourists photograph the famous actor.,(C-mat-decl (T-past (lv-tr (I) (talk (to (the (news_reporter (C-rel (T-pres (lv-tr (who) (cough (if (T-pres (lv-tr (the (tourists)) (photograph (the (famous_actor))))))))))))))))),0.2773178610664685
RC.adj.isl.sh.04,-0.5888064453846154,I met the parents that blush if the child prodigy imitates the famous artist.,(C-mat-decl (T-past (lv-tr (I) (meet (the (parents (that-rel (T-pres (lv-tr (Op) (blush (if (T-pres (lv-tr (the (child_prodigy)) (imitate (the (famous_artist)))))))))))))))),0.2626070592854607
RC.adj.isl.sh.05,-0.005374165785714299,I served the customer who winks if the young couple play with their child at the restaurant.,(C-mat-decl (T-past (lv-tr (I) (serve (the (customer (C-rel (T-pres (lv-tr (who) (wink (if (T-pres (lv-tr (the (young_couple)) (play (with (the (child))) (at (the (restaurant))))))))))))))))),0.4856823389006227
RC.adj.isl.sh.06,0.22149041207142858,I spoke with the professor who faints if the students publicly criticize the college president.,(C-mat-decl (T-past (lv-tr (I) (speak (with (the (professor (C-rel (T-pres (lv-tr (who) (faint (if (T-pres (lv-tr (the (students)) (criticize (publicly) (the (college_president))))))))))))))))),0.5724239898340434
RC.adj.isl.sh.07,-0.6650544730714286,I interviewed the employee who laughs if the office manager blackmails an executive.,(C-mat-decl (T-past (lv-tr (I) (interview (the (employee (C-rel (T-pres (lv-tr (who) (laugh (if (T-pres (lv-tr (the (office_manager)) (blackmail (an (executive)))))))))))))))),0.2334536327591912
RC.adj.isl.sh.08,0.24927522676923078,I emailed the teacher who smiles if her students write letters to their congressman.,(C-mat-decl (T-past (lv-tr (I) (email (the (teacher (C-rel (T-pres (lv-tr (who) (smile (if (T-pres (lv-tr (her (students)) (write-dobj-pobj (D-e (letters)) (to (their (congressman))))))))))))))))),0.5830475112340401
RC.adj.non.lg.01,0.11863166815384614,I called the client who the secretary thought that the lawyer insulted.,(C-mat-decl (T-past (lv-tr (I) (call (the (secretary (C-rel (T-past (lv-tr (the (secretary)) (think (that (T-past (lv-tr (the (lawyer)) (insult (who))))))))))))))),0.5330959583510178
RC.adj.non.lg.02,-0.29346500164285716,I sympathize with the parents who the reverand believes that the bride and groom neglected to thank.,(C-mat-decl (T-pres (lv-tr (I) (sympathize (with (the (parents (C-rel (T-pres (lv-tr (the (reverand)) (believe (that (T-past (lv-tr (the (bride_and_groom)) (neglect (to-inf (lv-tr (PRO) (thank (who))))))))))))))))))),0.3755308337292264
RC.adj.non.lg.03,0.06286260935714287,I talked to the famous actor who the news reporter claims that the tourists photographed.,(C-mat-decl (T-past (lv-tr (I) (talk (to (the (famous_actor (C-rel (T-pres (lv-tr (the (news_reporter)) (claim (that (T-past (lv-tr (the (tourists)) (photograph (who)))))))))))))))),0.5117726637374566
RC.adj.non.lg.04,-0.16867844892857145,I met the famous artist who the parents thought that the child prodigy imitated.,(C-mat-decl (T-past (lv-tr (I) (meet (the (famous_artist (C-rel (T-past (lv-tr (the (parents)) (think (that (T-past (lv-tr (the (child_prodigy)) (imitate (who))))))))))))))),0.4232429609328989
RC.adj.non.lg.05,-0.668167908,I served the child who the other customer believed that the young couple played with at the restaurant.,(C-mat-decl (T-past (lv-tr (I) (serve (the (child (C-rel (T-past (lv-tr (the (other_customer)) (believe (that (T-past (lv-tr (the (young_couple)) (play (with (who)) (at (the (restaurant))))))))))))))))),0.23226321119435742
RC.adj.non.lg.06,0.03437613464285714,I spoke with the college president who the professor claims that the students publicly criticized.,(C-mat-decl (T-past (lv-tr (I) (speak (with (the (college_president (C-rel (T-pres (lv-tr (the (professor)) (claim (that (T-past (lv-tr (the (students)) (criticize (publicly) (who)))))))))))))))),0.5008808626932835
RC.adj.non.lg.07,0.1070877887857143,I interviewed the executive who the employee thought that the office manager was blackmailing.,(C-mat-decl (T-past (lv-tr (I) (interview (the (executive (C-rel (T-past (lv-tr (the (employee)) (think (that (T-past (Prog (lv-tr (the (office_manager)) (blackmail (who)))))))))))))))),0.5286821571131772
RC.adj.non.lg.08,-0.07658699621428572,I emailed the congressman who the teacher said that her students were writing letters to.,(C-mat-decl (T-past (lv-tr (I) (email (the (congressman (C-rel (T-past (lv-tr (the (teacher)) (say (that (T-past (Prog (lv-tr (her (students)) (write-dobj-pobj (D-e (letters)) (to (who))))))))))))))))),0.45845411959304183
RC.adj.non.sh.01,0.47126263235714283,I called the secretary who thought that the lawyer insulted the client.,(C-mat-decl (T-past (lv-tr (I) (call (the (secretary (C-rel (T-past (lv-tr (who) (think (that (T-past (lv-tr (the (lawyer)) (insult (the (client)))))))))))))))),0.6679243757891036
RC.adj.non.sh.02,0.9171424664166666,I sympathize with the reverand who believes that the bride and groom neglected to thank their parents.,(C-mat-decl (T-pres (lv-tr (I) (sympathize (with (the (reverand (C-rel (T-pres (lv-tr (who) (believe (that (T-past (lv-tr (the (bride_and_groom)) (neglect (to-inf (lv-tr (PRO) (thank (their (parents)))))))))))))))))))),0.8384064902274244
RC.adj.non.sh.03,0.8105367958571429,I talked to the news reporter who claims that the tourists photographed the famous actor.,(C-mat-decl (T-past (lv-tr (I) (talk (to (the (news_reporter (C-rel (T-pres (lv-tr (who) (claim (that (T-past (lv-tr (the (tourists)) (photograph (the (famous_actor))))))))))))))))),0.797645821679951
RC.adj.non.sh.04,0.18414140614285715,I met the parents who thought that the child prodigy imitated the famous artist.,(C-mat-decl (T-past (lv-tr (I) (meet (the (parents (C-rel (T-past (lv-tr (who) (think (that (T-past (lv-tr (the (child_prodigy)) (imitate (the (famous_artist)))))))))))))))),0.5581436007774211
RC.adj.non.sh.05,-0.1320895307857143,I served the customer who believes that the young couple played with their child at the restaurant.,(C-mat-decl (T-past (lv-tr (I) (serve (the (customer (C-rel (T-pres (lv-tr (who) (believe (that (T-past (lv-tr (the (young_couple)) (play (with (the (child))) (at (the (restaurant))))))))))))))))),0.43723273049303607
RC.adj.non.sh.06,0.8896415411538461,I spoke with the professor who claims that the students publicly criticized the college president.,(C-mat-decl (T-past (lv-tr (I) (speak (with (the (professor (C-rel (T-pres (lv-tr (who) (claim (that (T-past (lv-tr (the (students)) (criticize (publicly) (the (college_president))))))))))))))))),0.8278915139273524
RC.adj.non.sh.07,1.0173905327857142,I interviewed the employee who thought that the office manager was blackmailing an executive.,(C-mat-decl (T-past (lv-tr (I) (interview (the (employee (C-rel (T-past (lv-tr (who) (think (that (T-past (Prog (lv-tr (the (office_manager)) (blackmail (an (executive))))))))))))))))),0.876736329384642
RC.adj.non.sh.08,0.8851336746428572,I emailed the teacher who said that her students were writing letters to their congressman.,(C-mat-decl (T-past (lv-tr (I) (email (the (teacher (C-rel (T-past (lv-tr (who) (say (that (T-past (Prog (lv-tr (her (students)) (write-dobj-pobj (D-e (letters)) (to (their (congressman)))))))))))))))))),0.8261679315724338
RC.np.isl.lg.01,-0.6856983128571429,I know the boat captain who the fisherman heard the rumor that Laura is dating.,(C-mat-decl (T-pres (lv-tr (I) (know (the (boat_captain (C-rel (T-past (lv-tr (the (fisherman)) (hear (the (rumor-sc (that (T-pres (Prog (lv-tr (D-e (Laura)) (date (who)))))))))))))))))),0.22556046247438152
RC.np.isl.lg.02,-0.7220298580714286,I trust the waiter who the chef made the suggestion that Rebecca should hire.,(C-mat-decl (T-pres (lv-tr (I) (trust (the (waiter (C-rel (T-past (lv-tr (the (chef)) (make (the (suggestion-sc (that (should (lv-tr (D-e (Rebecca)) (hire (who))))))))))))))))),0.2116690994303287
RC.np.isl.lg.03,-0.4144713098461539,I agree with the principal who the teacher made the recommendation that Stan should talk to.,(C-mat-decl (T-pres (lv-tr (I) (agree (with (the (principal (C-rel (T-past (lv-tr (the (teacher)) (make (the (recommendation-sc (that (should (lv-tr (D-e (Stan)) (talk (to (who))))))))))))))))))),0.3292640826742343
RC.np.isl.lg.04,-1.0628233024285714,I believe the customer who the employee made the claim that Amy insulted.,(C-mat-decl (T-pres (lv-tr (I) (believe (the (customer (C-rel (T-past (lv-tr (the (employee)) (make (the (claim-n-sc (that (T-past (lv-tr (D-e (Amy)) (insult (who))))))))))))))))),0.08136675664043728
RC.np.isl.lg.05,-0.6871660436428572,I spoke to the criminal who the detective heard the rumor that Lilly could identify.,(C-mat-decl (T-past (lv-tr (I) (speak (to (the (criminal (C-rel (T-past (lv-tr (the (detective)) (hear (the (rumor-sc (that (could (lv-tr (D-e (Lilly)) (identify (who)))))))))))))))))),0.22499927574051057
RC.np.isl.lg.06,-0.6391508707857143,I trust the stock broker who the accountant made the suggestion that Ralph should contact.,(C-mat-decl (T-pres (lv-tr (I) (trust (the (stock_broker (C-rel (T-past (lv-tr (the (accountant)) (suggest (that (should (lv-tr (D-e (Ralph)) (contact (who))))))))))))))),0.24335787276267243
RC.np.isl.lg.07,-0.24728603200000002,I like the new doctor who the nurse made the recommendation that Susan should see.,(C-mat-decl (T-pres (lv-tr (I) (like (the (new_doctor (C-rel (T-past (lv-tr (the (nurse)) (make (the (recommendation-sc (that (should (lv-tr (D-e (Susan)) (see (who))))))))))))))))),0.3931873586176032
RC.np.isl.lg.08,-1.045486709642857,I called teammate who the coach made the claim that Dennis pushed.,(C-mat-decl (T-past (lv-tr (I) (call (the (teammate (C-rel (T-past (lv-tr (the (coach)) (make (the (claim-sc (that (T-past (lv-tr (D-e (Dennis)) (push (who))))))))))))))))),0.08799540133233907
RC.np.isl.sh.01,0.4162713817857143,I know the fisherman who heard the rumor that Laura is dating the boat captain.,(C-mat-decl (T-pres (lv-tr (I) (know (the (fisherman (C-rel (T-past (lv-tr (who) (hear (the (rumor-sc (that (T-pres (Prog (lv-tr (D-e (Laura)) (date (the (boat_captain))))))))))))))))))),0.6468984760804992
RC.np.isl.sh.02,0.8361429847142857,I trust the chef who made the suggestion that Rebecca should hire a new waiter.,(C-mat-decl (T-pres (lv-tr (I) (trust (the (chef (C-rel (T-past (lv-tr (who) (make (the (suggestion-sc (that (should (lv-tr (D-e (Rebecca)) (hire (a (new_waiter)))))))))))))))))),0.8074363456857753
RC.np.isl.sh.03,0.6873421334285714,I agree with the teacher who made the recommendation that Stan should talk to the principal.,(C-mat-decl (T-pres (lv-tr (I) (agree (with (the (teacher (C-rel (T-past (lv-tr (who) (make (the (recommendation-sc (that (should (lv-tr (D-e (Stan)) (talk (to (the (principal)))))))))))))))))))),0.7505423535838042
RC.np.isl.sh.04,0.2799210400769231,I believe the employee who made the claim that Amy insulted the customer.,(C-mat-decl (T-pres (lv-tr (I) (believe (the (employee (C-rel (T-past (lv-tr (who) (make (the (claim-n-sc (that (T-past (lv-tr (D-e (Amy)) (insult (the (customer)))))))))))))))))),0.5947649351951334
RC.np.isl.sh.05,0.7362711514285715,I spoke to the detective who heard the rumor that Lilly could identify the criminal.,(C-mat-decl (T-past (lv-tr (I) (speak (to (the (detective (C-rel (T-past (lv-tr (who) (hear (the (rumor-sc (that (could (lv-tr (D-e (Lilly)) (identify (the (criminal))))))))))))))))))),0.7692503592141218
RC.np.isl.sh.06,1.0122480787857142,I trust the accountant who made the suggestion that Ralph should contact a stock broker.,(C-mat-decl (T-pres (lv-tr (I) (trust (the (account (C-rel (T-past (lv-tr (who) (make (the (suggestion-sc (that (should (lv-tr (D-e (Ralph)) (contact (a (stock_broker)))))))))))))))))),0.8747701125603914
RC.np.isl.sh.07,0.9932260345714286,I like the nurse who made the recommendation that Susan should see a new doctor.,(C-mat-decl (T-pres (lv-tr (I) (like (the (nurse (C-rel (T-past (lv-tr (who) (make (the (recommendation-sc (that (should (lv-tr (D-e (Susan)) (see (a (new_doctor)))))))))))))))))),0.86749703566641
RC.np.isl.sh.08,0.6627971171538461,I called the coach who made the claim that Dennis pushed his teammate.,(C-mat-decl (T-past (lv-tr (I) (call (the (coach (C-rel (T-past (lv-tr (who) (make (the (claim-sc (that (T-past (lv-tr (D-e (Dennis)) (push (his (teammate)))))))))))))))))),0.7411575688193971
RC.np.non.lg.01,-0.231713614,I know the boat captain who the fisherman heard that Laura is dating.,(C-mat-decl (T-pres (lv-tr (I) (know (the (boat_captain (C-rel (T-past (lv-tr (the (fisherman)) (hear (that (T-pres (Prog (lv-tr (D-e (Laura)) (date (who)))))))))))))))),0.39914147123890414
RC.np.non.lg.02,0.15438147935714286,I trust the waiter who the chef suggested that Rebecca should hire.,(C-mat-decl (T-pres (lv-tr (I) (trust (the (waiter (C-rel (T-past (lv-tr (the (chef)) (suggest (that (should (lv-tr (D-e (Rebecca)) (hire (who))))))))))))))),0.5467648954483056
RC.np.non.lg.03,-0.13324362121428573,I agree with the principal who the teacher recommended that Stan should talk to.,(C-mat-decl (T-pres (lv-tr (I) (agree (with (the (principal (C-rel (T-past (lv-tr (the (teacher)) (recommend (that (should (lv-tr (D-e (Stan)) (talk (to (who))))))))))))))))),0.4367914641215015
RC.np.non.lg.04,-0.45435353814285717,I believe the customer who the employee claimed that Amy insulted.,(C-mat-decl (T-pres (lv-tr (I) (believe (the (customer (C-rel (T-past (lv-tr (the (employee)) (claim (that (T-past (lv-tr (D-e (Amy)) (insult (who))))))))))))))),0.31401511627306233
RC.np.non.lg.05,-0.08195741584615386,I spoke to the criminal who the detective heard that Lilly could identify.,(C-mat-decl (T-past (lv-tr (I) (speak (to (the (criminal (C-rel (T-past (lv-tr (the (detective)) (hear (that (could (lv-tr (D-e (Lilly)) (identify (who)))))))))))))))),0.4564007401299561
RC.np.non.lg.06,0.36753011185714285,I trust the stock broker who the accountant suggested that Ralph should contact.,(C-mat-decl (T-pres (lv-tr (I) (trust (the (stock_broker (C-rel (T-past (lv-tr (the (accountant)) (suggest (that (should (lv-tr (D-e (Ralph)) (contact (who))))))))))))))),0.6282622559084012
RC.np.non.lg.07,-0.10931044821428572,I like the new doctor who the nurse recommended that Susan should see.,(C-mat-decl (T-pres (lv-tr (I) (like (the (new_doctor (C-rel (T-past (lv-tr (the (nurse)) (recommend (that (should (lv-tr (D-e (Susan)) (see (who))))))))))))))),0.4459423106648629
RC.np.non.lg.08,-0.9695101929285714,I called teammate who the coach claimed that Dennis pushed.,(C-mat-decl (T-past (lv-tr (I) (call (the (teammate (C-rel (T-past (lv-tr (the (coach)) (claim (that (T-past (lv-tr (D-e (Dennis)) (push (who))))))))))))))),0.11704501566268957
RC.np.non.sh.01,0.22230634700000002,I know the fisherman who heard that Laura is dating the boat captain.,(C-mat-decl (T-pres (lv-tr (I) (know (the (fisherman (C-rel (T-past (lv-tr (who) (hear (that (T-pres (Prog (lv-tr (D-e (Laura)) (date (the (boat_captain))))))))))))))))),0.5727359624805758
RC.np.non.sh.02,0.49505875684615386,I trust the chef who suggested that Rebecca should hire a new waiter.,(C-mat-decl (T-pres (lv-tr (I) (trust (the (chef (C-rel (T-past (lv-tr (who) (suggest (that (should (lv-tr (D-e (Rebecca)) (hire (a (new_waiter)))))))))))))))),0.6770228218466181
RC.np.non.sh.03,0.9411235065,I agree with the teacher who recommended that Stan should talk to the principal.,(C-mat-decl (T-pres (lv-tr (I) (agree (with (the (teacher (C-rel (T-past (lv-tr (who) (recommend (that (should (lv-tr (D-e (Stan)) (talk (to (the (principal)))))))))))))))))),0.8475756387457918
RC.np.non.sh.04,0.5100486175714286,I believe the employee who claimed that Amy insulted the customer.,(C-mat-decl (T-pres (lv-tr (I) (believe (the (employee (C-rel (T-past (lv-tr (who) (claim (that (T-past (lv-tr (D-e (Amy)) (insult (the (customer)))))))))))))))),0.6827541937463385
RC.np.non.sh.05,0.6705772505714286,I spoke to the detective who heard that Lilly could identify the criminal.,(C-mat-decl (T-past (lv-tr (I) (speak (to (the (detective (C-rel (T-past (lv-tr (who) (hear (that (could (lv-tr (D-e (Lilly)) (identify (the (criminal))))))))))))))))),0.7441323021316569
RC.np.non.sh.06,0.9476132311538461,I trust the accountant who suggested that Ralph should contact a stock broker.,(C-mat-decl (T-pres (lv-tr (I) (trust (the (account (C-rel (T-past (lv-tr (who) (suggest (that (should (lv-tr (D-e (Ralph)) (contact (a (stock_broker)))))))))))))))),0.8500569843833309
RC.np.non.sh.07,0.9674836542857143,I like the nurse who recommended that Susan should see a new doctor.,(C-mat-decl (T-pres (lv-tr (I) (like (the (nurse (C-rel (T-past (lv-tr (who) (recommend (that (should (lv-tr (D-e (Susan)) (see (a (new_doctor)))))))))))))))),0.857654438880124
RC.np.non.sh.08,0.8105839223571428,I called the coach who claimed that Dennis pushed his teammate.,(C-mat-decl (T-past (lv-tr (I) (call (the (coach (C-rel (T-past (lv-tr (who) (claim (that (T-past (lv-tr (D-e (Dennis)) (push (his (teammate)))))))))))))))),0.7976638404929862
RC.sub.isl.lg.01,-0.7932581695384615,I voted for the congressman who you think the gift from prompted the rumor about bribery.,(C-mat-decl (T-past (lv-tr (I) (vote (for (the (congressman (C-rel (T-pres (lv-tr (you) (think (C-emb-decl (T-past (lv-tr (the (gift-pobj (from (who)))) (prompt (the (rumor-pobj (about (bribery))))))))))))))))))),0.1844349609490849
RC.sub.isl.lg.02,-1.1753978079285714,I met the local hero who you think the speech by interrupted the news report about the president.,(C-mat-decl (T-past (lv-tr (I) (meet (the (local_hero (C-rel (T-pres (lv-tr (you) (think (C-emb-decl (T-past (lv-tr (the (speech-pobj (by (who)))) (interrupt (the (news_report-pobj (about (the (president))))))))))))))))))),0.03832390459046922
RC.sub.isl.lg.03,-0.7060278972142857,I called the candidate who you think the meeting with delayed the fundraiser for the campaign.,(C-mat-decl (T-past (lv-tr (I) (call (the (candidate (C-rel (T-pres (lv-tr (you) (think (C-emb-decl (T-past (lv-tr (the (meeting-pobj (with (who)))) (delay (the (fundraiser-pobj (for (the (campaign))))))))))))))))))),0.21778744772441364
RC.sub.isl.lg.04,-0.5797417724285714,I interviewed the soldier who you think the movie about inspired the new book about the terrorist.,(C-mat-decl (T-past (lv-tr (I) (interview (the (soldier (C-rel (T-pres (lv-tr (you) (think (C-emb-decl (T-past (lv-tr (the (movie-pobj (about (who)))) (inspire (the (new_book-pobj (about (the (terrorist))))))))))))))))))),0.26607293617468536
RC.sub.isl.lg.05,-0.944178099,I spoke with the priest who you think the email from criticized the joke about the Pope.,(C-mat-decl (T-past (lv-tr (I) (research (the (priest (C-rel (T-pres (lv-tr (you) (think (C-emb-decl (T-past (lv-tr (the (email-pobj (from (who)))) (criticize (the (joke-pobj (about (the (Pope))))))))))))))))))),0.1267307394972339
RC.sub.isl.lg.06,-0.8890526548571428,I respect the musician who you think the picture of accompanied the magazine article about orphans.,(C-mat-decl (T-pres (lv-tr (I) (respect (the (musician (C-rel (T-pres (lv-tr (you) (think (C-emb-decl (T-past (lv-tr (the (picture (of (who)))) (accompany (the (magazine_article-pobj (about (D-e (orphans))))))))))))))))))),0.147807948105801
RC.sub.isl.lg.07,-1.1427296347142857,I admire the peace activist who you think the flyer from promoted the new play about refugees.,(C-mat-decl (T-pres (lv-tr (I) (admire (the (peace_activist (C-rel (T-pres (lv-tr (you) (think (C-emb-decl (T-past (lv-tr (the (flyer-pobj (from (who)))) (promote (the (new_play-pobj (about (D-e (refugees))))))))))))))))))),0.05081457767990357
RC.sub.isl.lg.08,-0.6222884222142857,I spoke to the author who you think the new book about caused the complaints about violent stories.,(C-mat-decl (T-past (lv-tr (I) (speak (to (the (author (C-rel (T-pres (lv-tr (you) (think (C-emb-decl (T-past (lv-tr (the (new_book-pobj (about (who)))) (cause (the (complaints-pobj (about (D-e (violent_stories)))))))))))))))))))),0.24980522845689926
RC.sub.isl.sh.01,-0.2768117397857143,I voted for the congressman who you think the gift from the lobbyist prompted the rumor about.,(C-mat-decl (T-past (lv-tr (I) (vote (for (the (congressman (C-rel (T-pres (lv-tr (you) (think (C-emb-decl (T-past (lv-tr (the (gift-pobj (from (the (lobbyist))))) (prompt (the (rumor-pobj (about (who))))))))))))))))))),0.38189820690206594
RC.sub.isl.sh.02,-0.7169555606153847,I met the local hero who you think the speech by the president interrupted the news report about.,(C-mat-decl (T-past (lv-tr (I) (meet (the (local_hero (C-rel (T-pres (lv-tr (you) (think (C-emb-decl (T-past (lv-tr (the (speech-pobj (by (the (president))))) (interrupt (the (news_report-pobj (about (who)))))))))))))))))),0.21360925660612928
RC.sub.isl.sh.03,-0.4651152906428571,I called the candidate who you think the meeting with the millionaire delayed the fundraiser for.,(C-mat-decl (T-past (lv-tr (I) (call (the (candidate (C-rel (T-pres (lv-tr (you) (think (C-emb-decl (T-past (lv-tr (the (meeting-pobj (with (the (millionaire))))) (delay (the (fundraiser-pobj (for (who)))))))))))))))))),0.3099003611728868
RC.sub.isl.sh.04,-0.5925324794285715,I interviewed the soldier who you think the movie about the terrorist inspired the new book about.,(C-mat-decl (T-past (lv-tr (I) (interview (the (soldier (C-rel (T-pres (lv-tr (you) (think (C-emb-decl (T-past (lv-tr (the (movie-pobj (about (the (terrorist))))) (inspire (the (new_book-pobj (about (who)))))))))))))))))),0.26118241050397306
RC.sub.isl.sh.05,-0.5729403942857143,I researched the Pope who you think the email from the priest criticized the joke about.,(C-mat-decl (T-past (lv-tr (I) (research (the (Pope (C-rel (T-pres (lv-tr (you) (think (C-emb-decl (T-past (lv-tr (the (email-pobj (from (the (priest))))) (criticize (the (joke-pobj (about (who)))))))))))))))))),0.26867344249570924
RC.sub.isl.sh.06,-0.6926657148461538,I respect the musician who you think the picture of orphans accompanied the magazine article about.,(C-mat-decl (T-pres (lv-tr (I) (respect (the (musician (C-rel (T-pres (lv-tr (you) (think (C-emb-decl (T-past (lv-tr (the (picture (of (the (orphans))))) (accompany (the (magazine_article-pobj (about (who)))))))))))))))))),0.22289647695071738
RC.sub.isl.sh.07,-0.809579521,I admire the peace activist who you think the flyer from the director promoted the new play about.,(C-mat-decl (T-pres (lv-tr (I) (admire (the (peace_activist (C-rel (T-pres (lv-tr (you) (think (C-emb-decl (T-past (lv-tr (the (flyer-pobj (from (the (director))))) (promote (the (new_play-pobj (about (who)))))))))))))))))),0.17819449368614382
RC.sub.isl.sh.08,-0.5958033011428572,I spoke to the author who you think the new book about vampires caused the complaints about.,(C-mat-decl (T-past (lv-tr (I) (speak (to (the (author (C-rel (T-pres (lv-tr (you) (think (C-emb-decl (T-past (lv-tr (the (new_book-pobj (about (vampires)))) (cause (the (complaints-pobj (about (who))))))))))))))))))),0.259931812115781
RC.sub.non.lg.01,0.3557225252857143,I voted for the congressman who you think offended the lobbyist.,(C-mat-decl (T-past (lv-tr (I) (vote (for (the (congressman (C-rel (T-pres (lv-tr (you) (think (C-emb-decl (T-past (lv-tr (who)) (offend (the (lobbyist)))))))))))))))),0.6237476262451052
RC.sub.non.lg.02,0.5177940695714286,I met the local hero who you think praised the president.,(C-mat-decl (T-past (lv-tr (I) (meet (the (local_hero (C-rel (T-pres (lv-tr (you) (think (C-emb-decl (T-past (lv-tr (who)) (praise (the (president))))))))))))))),0.6857156666217057
RC.sub.non.lg.03,0.563092254,I called the candidate who you think supported the millionaire .,(C-mat-decl (T-past (lv-tr (I) (call (the (candidate (C-rel (T-pres (lv-tr (you) (think (C-emb-decl (T-past (lv-tr (who) (support (the (millionaire)))))))))))))))),0.7030354233626417
RC.sub.non.lg.04,0.7790715321428571,I interviewed the soldier who you think captured the terrorist .,(C-mat-decl (T-past (lv-tr (I) (interview (the (soldier (C-rel (T-pres (lv-tr (you) (think (C-emb-decl (T-past (lv-tr (who) (capture (the (terrorist)))))))))))))))),0.7856150809296198
RC.sub.non.lg.05,0.05775573121428571,I researched the Pope who you think criticized the priest.,(C-mat-decl (T-past (lv-tr (I) (research (the (Pope (C-rel (T-pres (lv-tr (you) (think (C-emb-decl (T-past (lv-tr (who) (criticize (the (priest)))))))))))))))),0.5098200493389841
RC.sub.non.lg.06,0.287358757,I respect the musician who you think cares about orphans.,(C-mat-decl (T-pres (lv-tr (I) (respect (the (musician (C-rel (T-pres (lv-tr (you) (think (C-emb-decl (T-pres (lv-tr (who) (care (about (D-e (orphans))))))))))))))))),0.597608745591525
RC.sub.non.lg.07,0.3512829796923077,I admire the director who you think developed the new play.,(C-mat-decl (T-pres (lv-tr (I) (admire (the (director (C-rel (T-pres (lv-tr (you) (think (C-emb-decl (T-past (lv-tr (who) (develop (the (new_play)))))))))))))))),0.6220501663868774
RC.sub.non.lg.08,0.6004937257857142,I spoke to the author who you think complained about the censors .,(C-mat-decl (T-past (lv-tr (I) (speak (to (the (author (C-rel (T-pres (lv-tr (you) (think (C-emb-decl (T-past (lv-tr (who) (complain (about (the (censors)))))))))))))))))),0.7173358727350225
RC.sub.non.sh.01,0.5416816419285714,I voted for the congressman who you think the lobbyist offended.,(C-mat-decl (T-past (lv-tr (I) (vote (for (the (congressman (C-rel (T-pres (lv-tr (you) (think (C-emb-decl (T-past (lv-tr (the (lobbyist)) (offend (who)))))))))))))))),0.6948490777633731
RC.sub.non.sh.02,0.34541600385714283,I met the local hero who you think the president praised.,(C-mat-decl (T-past (lv-tr (I) (meet (the (local_hero (C-rel (T-pres (lv-tr (you) (think (C-emb-decl (T-past (lv-tr (the (president)) (praise (who))))))))))))))),0.6198069287041346
RC.sub.non.sh.03,0.471260934,I called the candidate who you think the millionaire supported.,(C-mat-decl (T-past (lv-tr (I) (call (the (candidate (C-rel (T-pres (lv-tr (you) (think (C-emb-decl (T-past (lv-tr (the (millionaire)) (support (who))))))))))))))),0.6679237264224027
RC.sub.non.sh.04,-0.09274046676923076,I interviewed the soldier who you think the terrorist captured.,(C-mat-decl (T-past (lv-tr (I) (interview (the (soldier (C-rel (T-pres (lv-tr (you) (think (C-emb-decl (T-past (lv-tr (the (terrorist)) (capture (who))))))))))))))),0.4522778415796331
RC.sub.non.sh.05,0.21349857014285714,I researched the Pope who you think the priest criticized.,(C-mat-decl (T-past (lv-tr (I) (research (the (Pope (C-rel (T-pres (lv-tr (you) (think (C-emb-decl (T-past (lv-tr (the (priest)) (criticize (who))))))))))))))),0.5693683097916539
RC.sub.non.sh.06,-0.29906602369230767,I respect the musician who you think the orphans can rely on.,(C-mat-decl (T-pres (lv-tr (I) (respect (the (musician (C-rel (T-pres (lv-tr (you) (think (C-emb-decl (T-past (lv-tr (the (orphans)) (rely (on (who)))))))))))))))),0.3733892834525244
RC.sub.non.sh.07,0.240563637,I admire the director who you think the new playhouse hired.,(C-mat-decl (T-pres (lv-tr (I) (admire (the (director (C-rel (T-pres (lv-tr (you) (think (C-emb-decl (T-past (lv-tr (the (new_playhouse)) (hire (who))))))))))))))),0.5797166356695276
RC.sub.non.sh.08,0.1710597453076923,I spoke to the author who you think the censors complained about.,(C-mat-decl (T-past (lv-tr (I) (speak (to (the (author (C-rel (T-pres (lv-tr (you) (think (C-emb-decl (T-past (lv-tr (the (censors)) (complain (about (who))))))))))))))))),0.5531418289340096
RC.wh.non.lg.01,-0.08818216376923077,I take classes with the struggling student who the professor thinks that Paul will tutor.,(C-mat-decl (T-pres (lv-tr (I) (take (D-e (classes)) (with (the (struggling_student (C-rel (T-pres (lv-tr (the (professor)) (think (that (will (lv-tr (D-e (Paul)) (tutor (who)))))))))))))))),0.4540207083215876
RC.wh.non.lg.02,-0.3929323414285714,I respect the general who the soldier thinks that Matt will impress.,(C-mat-decl (T-pres (lv-tr (I) (respect (the (general (C-rel (T-pres (lv-tr (the (soldier)) (think (that (will (lv-tr (D-e (Matt)) (impress (who))))))))))))))),0.337499505310907
RC.wh.non.lg.03,-0.21617386214285714,I dislike the home owner who the real estate agent thinks that Caroline will confront.,(C-mat-decl (T-pres (lv-tr (I) (dislike (the (home_owner (C-rel (T-pres (lv-tr (the (real_estate_agent)) (think (that (will (lv-tr (D-e (Caroline)) (confront (who))))))))))))))),0.40508309396342257
RC.wh.non.lg.04,0.2637864995,I like the talented actor who the director thinks that Tom should hire.,(C-mat-decl (T-pres (lv-tr (I) (like (the (talented_actor (C-rel (T-pres (lv-tr (the (director)) (think (that (should (lv-tr (D-e (Tom)) (hire (who))))))))))))))),0.5885958950571183
RC.wh.non.lg.05,-0.259093489,I called the principal who the teacher thinks that Christine will apologize to.,(C-mat-decl (T-past (lv-tr (I) (call (the (principal (C-rel (T-pres (lv-tr (the (teacher)) (think (that (will (lv-tr (D-e (Christine)) (apologize (to (who)))))))))))))))),0.3886727784959312
RC.wh.non.lg.06,0.08720139007142858,I negotiated with the famous band who the agent thinks that Alan will perform with.,(C-mat-decl (T-past (lv-tr (I) (negotiate (with (the (famous_band (C-rel (T-pres (lv-tr (the (agent)) (think (that (will (lv-tr (D-e (Alan)) (perform (with (who))))))))))))))))),0.5210785943538838
RC.wh.non.lg.07,0.10642348785714285,I share a locker with the quarterback who the cheerleader thinks that Jessica kissed.,(C-mat-decl (T-pres (lv-tr (I) (share (a (locker)) (with (the (quarterback (C-rel (T-pres (lv-tr (the (cheerleader)) (think (that (T-past (lv-tr (D-e (Jessica)) (kiss (who)))))))))))))))),0.528428161712903
RC.wh.non.lg.08,-0.04243458371428572,I spoke with the chef who the waiter thinks that Rachel should talk to.,(C-mat-decl (T-past (lv-tr (I) (speak (with (the (chef (C-rel (T-pres (lv-tr (the (waiter)) (think (that (should (lv-tr (D-e (Rachel)) (talk (to (who))))))))))))))))),0.471512291439837
RC.wh.non.sh.01,0.030583023285714276,I take classes with the professor who thinks that Paul will tutor the struggling student.,(C-mat-decl (T-pres (lv-tr (I) (take (D-e (classes)) (with (the (professor (C-rel (T-pres (lv-tr (who) (think (that (will (lv-tr (D-e (Paul)) (tutor (the (struggling_student))))))))))))))))),0.4994305669071337
RC.wh.non.sh.02,0.4055425117692308,I respect the soldier who thinks that Matt will impress the general.,(C-mat-decl (T-pres (lv-tr (I) (respect (the (soldier (C-rel (T-pres (lv-tr (who) (think (that (will (lv-tr (D-e (Matt)) (impress (the (general)))))))))))))))),0.6427962935949378
RC.wh.non.sh.03,0.25708022557142857,I dislike the real estate agent who thinks that Caroline will confront the home owner.,(C-mat-decl (T-pres (lv-tr (I) (dislike (the (real_estate_agent (C-rel (T-pres (lv-tr (who) (think (that (will (lv-tr (D-e (Caroline)) (confront (the (home_owner)))))))))))))))),0.5860317518238704
RC.wh.non.sh.04,0.18645339835714284,I like the director who thinks that Tom should hire the talented actor.,(C-mat-decl (T-pres (lv-tr (I) (like (the (director (C-rel (T-pres (lv-tr (who) (think (that (should (lv-tr (D-e (Tom)) (hire (the (talented_actor)))))))))))))))),0.5590275907925508
RC.wh.non.sh.05,0.005823667071428571,I called the teacher who thinks that Christine will apologize to the principal.,(C-mat-decl (T-past (lv-tr (I) (call (the (soldier (C-rel (T-pres (lv-tr (who) (think (that (will (lv-tr (D-e (Christine)) (apologize (to (the (principal))))))))))))))))),0.4899638292861192
RC.wh.non.sh.06,0.5067668426153846,I negotiated with the agent who thinks that Alan will perform with the famous band.,(C-mat-decl (T-past (lv-tr (I) (negotiate (with (the (agent (C-rel (T-pres (lv-tr (who) (think (that (will (lv-tr (D-e (Alan)) (perform (with (the (famous_band)))))))))))))))))),0.6814994073871455
RC.wh.non.sh.07,0.7440147937142857,I share a locker with the cheerleader who thinks that Jessica kissed the quarterback.,(C-mat-decl (T-pres (lv-tr (I) (share (a (locker)) (with (the (cheerleader (C-rel (T-pres (lv-tr (who) (think (that (T-past (lv-tr (D-e (Jessica)) (kiss (the (quarterback))))))))))))))))),0.7722111401453948
RC.wh.non.sh.08,0.6392925961428572,I spoke with the waiter who thinks that Rachel should talk to the chef.,(C-mat-decl (T-past (lv-tr (I) (speak (with (the (waiter (C-rel (T-pres (lv-tr (who) (think (that (should (lv-tr (D-e (Rachel)) (talk (to (the (chef)))))))))))))))))),0.7321706173254697
WH.adj.isl.lg.01,-0.8979072839285714,What do you worry if the lawyer forgets at the office?,(C-mat-wh (T-pres (lv-tr (you) (worry (if (T-pres (lv-tr (the (lawyer)) (forget (what) (at (the (office))))))))))),0.14442238147696201
WH.adj.isl.lg.02,-0.9872615617142857,What do you laugh if the heiress buys at the auction?,(C-mat-wh (T-pres (lv-tr (you) (laugh (if (T-pres (lv-tr (the (heiress)) (buy (what) (at (the (auction))))))))))),0.11025778140450383
WH.adj.isl.lg.03,-1.0696187095384615,What do you sigh if the bride and groom neglect to send promptly?,(C-mat-wh (T-pres (lv-tr (you) (sigh (if (T-pres (lv-tr (the (bride_and_groom)) (neglect (to-inf (lv-tr (PRO) (send (what) (promptly)))))))))))),0.07876853334333116
WH.adj.isl.lg.04,-1.1797659194285715,What do you blush if the child prodigy submits to the art contest?,(C-mat-wh (T-pres (lv-tr (you) (blush (if (T-pres (lv-tr (the (child_prodigy)) (submit (a (drawing)) (to (the (art_contest))))))))))),0.03665375755142879
WH.adj.isl.lg.05,-1.2337259551428572,What do you sneeze if the dog owner leaves open at night?,(C-mat-wh (T-pres (lv-tr (you) (sneeze (if (T-pres (lv-tr (the (dog_owner)) (leave (what) (open) (at (D-e (night))))))))))),0.01602214275067806
WH.adj.isl.lg.06,-1.0929858052142858,What do you cough if the tourists photograph in the exhibit?,(C-mat-wh (T-pres (lv-tr (you) (cough (if (T-pres (lv-tr (the (tourists)) (photograph (what) (in (the (exhibit))))))))))),0.06983412641394027
WH.adj.isl.lg.07,-1.2604227943846154,What do you wink if the sweethearts share at the movies?,(C-mat-wh (T-pres (lv-tr (you) (wink (if (T-pres (lv-tr (the (sweethearts)) (share (what) (at (the (movies))))))))))),0.005814608668418408
WH.adj.isl.lg.08,-1.1210519744285714,What do you faint if the actors forget on stage?,(C-mat-wh (T-pres (lv-tr (you) (faint (if (T-pres (lv-tr (the (actors)) (forget (what) (on (D-e (stage))))))))))),0.05910302913987883
WH.adj.isl.sh.01,0.4842603405714286,Who worries if the lawyer forgets his briefcase at the office?,(C-mat-wh (T-pres (lv-tr (who) (worry (if (T-pres (lv-tr (the (lawyer)) (forget (his (briefcase)) (at (the (office))))))))))),0.6728940483554747
WH.adj.isl.sh.02,0.3621560642857143,Who laughs if the heiress buys a painting at the auction?,(C-mat-wh (T-pres (lv-tr (who) (laugh (if (T-pres (lv-tr (the (heiress)) (buy (a (painting)) (at (the (auction))))))))))),0.6262074893029508
WH.adj.isl.sh.03,0.23060639457142856,Who sighs if the bride and groom neglect to send a thank you note promptly?,(C-mat-wh (T-pres (lv-tr (who) (sigh (if (T-pres (lv-tr (the (bride_and_groom)) (neglect (to-inf (lv-tr (PRO) (send (a (thank_you_note)) (promptly)))))))))))),0.5759094849227836
WH.adj.isl.sh.04,0.0031676009999999856,Who blushes if the child prodigy submits a drawing to the art contest?,(C-mat-wh (T-pres (lv-tr (who) (blush (if (T-pres (lv-tr (the (child_prodigy)) (submit (a (drawing)) (to (the (art_contest))))))))))),0.48894828266266593
WH.adj.isl.sh.05,0.10994000992857145,Who sneezes if the dog owner leaves a window open at night?,(C-mat-wh (T-pres (lv-tr (who) (sneeze (if (T-pres (lv-tr (the (dog_owner)) (leave (a (window)) (open) (at (D-e (night))))))))))),0.5297727036105437
WH.adj.isl.sh.06,-0.630914021,Who coughs if the tourists photograph the priceless painting in the exhibit?,(C-mat-wh (T-pres (lv-tr (who) (cough (if (T-pres (lv-tr (the (tourists)) (photograph (the (priceless_painting)) (in (the (exhibit))))))))))),0.24650723153719806
WH.adj.isl.sh.07,0.07442363742857144,Who winks if the sweethearts share popcorn at the movies?,(C-mat-wh (T-pres (lv-tr (who) (wink (if (T-pres (lv-tr (the (sweethearts)) (share (D-e (popcorn)) (at (the (movies))))))))))),0.5161930217804597
WH.adj.isl.sh.08,0.174230578,Who faints if the actors forget their lines on stage?,(C-mat-wh (T-pres (lv-tr (who) (faint (if (T-pres (lv-tr (the (actors)) (forget (their (lines)) (on (D-e (stage))))))))))),0.5543541965286441
WH.adj.non.lg.01,0.9828754443076924,What do you think that the lawyer forgot at the office?,(C-mat-wh (T-pres (lv-tr (you) (think (that (T-past (lv-tr (the (lawyer)) (forget (what) (at (the (office))))))))))),0.8635394884102788
WH.adj.non.lg.02,0.277490954,What do you wish that the heiress bought at the auction?,(C-mat-wh (T-pres (lv-tr (you) (wish (that (T-past (lv-tr (the (heiress)) (buy (what) (at (the (auction))))))))))),0.5938357920022488
WH.adj.non.lg.03,-0.30333732142857145,What do you suspect that the bride and groom neglected to send promptly?,(C-mat-wh (T-pres (lv-tr (you) (suspect (that (T-past (lv-tr (the (bride_and_groom)) (neglect (to-inf (lv-tr (PRO) (send (what) (promptly)))))))))))),0.37175615314733856
WH.adj.non.lg.04,0.7799171075,What do you think that the child prodigy will submit to the art contest?,(C-mat-wh (T-pres (lv-tr (you) (think (that (will (lv-tr (the (child_prodigy)) (submit (a (drawing)) (to (the (art_contest))))))))))),0.7859383865913497
WH.adj.non.lg.05,-0.08790484600000001,What do you hope that the dog owner will leave open at night?,(C-mat-wh (T-pres (lv-tr (you) (hope (that (will (lv-tr (the (dog_owner)) (leave (what) (open) (at (D-e (night))))))))))),0.45412674074570364
WH.adj.non.lg.06,-0.8521240276428571,What do you complain that the tourists photograph in the exhibit?,(C-mat-wh (T-pres (lv-tr (you) (complain (that (T-pres (lv-tr (the (tourists)) (photograph (what) (in (the (exhibit))))))))))),0.16192760539883633
WH.adj.non.lg.07,0.16798925392857142,What do you claim that the sweethearts share at the movies?,(C-mat-wh (T-pres (lv-tr (you) (claim (that (T-pres (lv-tr (the (sweethearts)) (share (what) (at (the (movies))))))))))),0.5519678268314447
WH.adj.non.lg.08,0.388606121,What do you believe that the actors will forget on stage?,(C-mat-wh (T-pres (lv-tr (you) (believe (that (will (lv-tr (the (actors)) (forget (what) (on (D-e (stage))))))))))),0.6363206661080336
WH.adj.non.sh.01,1.3397749962857144,Who thinks that the lawyer forgot his briefcase at the office?,(C-mat-wh (T-pres (lv-tr (who) (think (that (T-past (lv-tr (the (lawyer)) (forget (his (briefcase)) (at (the (office))))))))))),1
WH.adj.non.sh.02,0.3933225306153846,Who wishes that the heiress bought a painting at the auction?,(C-mat-wh (T-pres (lv-tr (who) (wish (that (T-past (lv-tr (the (heiress)) (buy (a (painting)) (at (the (auction))))))))))),0.6381239849001561
WH.adj.non.sh.03,0.5477200037142858,Who suspects that the bride and groom neglected to send a thank you note promptly?,(C-mat-wh (T-pres (lv-tr (who) (suspect (that (T-past (lv-tr (the (bride_and_groom)) (neglect (to-inf (lv-tr (PRO) (send (a (thank_you_note)) (promptly)))))))))))),0.6971578448488895
WH.adj.non.sh.04,1.0516119645714286,Who thinks that the child prodigy will submit a drawing to the art contest?,(C-mat-wh (T-pres (lv-tr (who) (think (that (will (lv-tr (the (child_prodigy)) (submit (a (drawing)) (to (the (art_contest))))))))))),0.8898208907491205
WH.adj.non.sh.05,0.6334038242142858,Who hopes that the dog owner will leave a window open at night?,(C-mat-wh (T-pres (lv-tr (who) (hope (that (will (lv-tr (the (dog_owner)) (leave (a (window)) (open) (at (D-e (night))))))))))),0.7299190459083738
WH.adj.non.sh.06,-0.20091678323076925,Who complains that the tourists photograph the priceless painting in the exhibit?,(C-mat-wh (T-pres (lv-tr (who) (complain (that (T-pres (lv-tr (the (tourists)) (photograph (the (priceless_painting)) (in (the (exhibit))))))))))),0.41091663671283024
WH.adj.non.sh.07,0.4833172331428572,Who claims that the sweethearts share popcorn at the movies?,(C-mat-wh (T-pres (lv-tr (who) (claim (that (T-pres (lv-tr (the (sweethearts)) (share (D-e (popcorn)) (at (the (movies))))))))))),0.6725334513150087
WH.adj.non.sh.08,0.9334630458571429,Who believes that the actors will forget their lines on stage?,(C-mat-wh (T-pres (lv-tr (who) (believe (that (will (lv-tr (the (actors)) (forget (their (lines)) (on (D-e (stage))))))))))),0.8446466623081819
WH.np.isl.lg.01,-0.6822453483571428,What did you hear the rumor that Jeff baked?,(C-mat-wh (T-past (lv-tr (you) (hear (the (rumor-sc (that (T-past (lv-tr (D-e (Jeff)) (bake (what))))))))))),0.22688070314030476
WH.np.isl.lg.02,-0.6326597006428571,What did you deny the fact that Laura ate?,(C-mat-wh (T-past (lv-tr (you) (deny (the (fact-sc (that (T-past (lv-tr (D-e (Laura)) (eat (what))))))))))),0.2458397710828047
WH.np.isl.lg.03,-0.7301463890769231,What did you make the announcement that Andrew won?,(C-mat-wh (T-past (lv-tr (you) (make (the (announcement-sc (that (T-past (lv-tr (D-e (Andrew)) (win (what))))))))))),0.2085657445305954
WH.np.isl.lg.04,-0.8554252352142857,What did you make the announcement that Jane lost?,(C-mat-wh (T-past (lv-tr (you) (make (the (announcement-sc (that (T-past (lv-tr (D-e (Jane)) (lose (what))))))))))),0.16066538898089935
WH.np.isl.lg.05,-0.7825613957142857,What did you make the claim that Amy stole?,(C-mat-wh (T-past (lv-tr (you) (make (the (claim-n-sc (that (T-past (lv-tr (D-e (Amy)) (steal (what))))))))))),0.18852487145840505
WH.np.isl.lg.06,-0.7005723172857143,What did you hear the rumor that Ralph received?,(C-mat-wh (T-past (lv-tr (you) (hear (the (rumor-sc (that (T-past (lv-tr (D-e (Ralph)) (receive (what))))))))))),0.21987338821928237
WH.np.isl.lg.07,-1.275630353,What did you deny the fact that Jared could afford?,(C-mat-wh (T-past (lv-tr (you) (deny (the (fact-sc (that (could (lv-tr (D-e (Jared)) (afford (what))))))))))),0
WH.np.isl.lg.08,-0.7056503642857143,What did you make the claim that Elizabeth joined?,(C-mat-wh (T-past (lv-tr (you) (make (the (claim-n-sc (that (T-past (lv-tr (D-e (Elizabeth)) (join (what))))))))))),0.21793179740568752
WH.np.isl.sh.01,1.175434673,Who heard the rumor that Jeff baked a pie?,(C-mat-wh (T-past (lv-tr (who) (hear (the (rumor-sc (that (T-past (lv-tr (D-e (Jeff)) (bake (a (pie)))))))))))),0.93716449217686415
WH.np.isl.sh.02,0.6730782409285715,Who denied the fact that Laura ate the cookie?,(C-mat-wh (T-past (lv-tr (who) (deny (the (fact-sc (that (T-past (lv-tr (D-e (Laura)) (eat (the (cookie)))))))))))),0.7450885555697047
WH.np.isl.sh.03,1.1175036735714285,Who made the announcement that Andrew won the match?,(C-mat-wh (T-past (lv-tr (who) (make (the (announcement-sc (that (T-past (lv-tr (D-e (Andrew)) (win (the (match)))))))))))),0.9150145797572107
WH.np.isl.sh.04,0.9005785935384615,Who made the announcement that Jane lost the game?,(C-mat-wh (T-past (lv-tr (who) (make (the (announcement-sc (that (T-past (lv-tr (D-e (Jane)) (lose (the (game)))))))))))),0.8320732949226396
WH.np.isl.sh.05,0.9609019872857143,Who made the claim that Amy stole the pizza?,(C-mat-wh (T-past (lv-tr (who) (make (the (claim-n-sc (that (T-past (lv-tr (D-e (Amy)) (steal (the (pizza)))))))))))),0.8551379390948051
WH.np.isl.sh.06,1.0701038036428572,Who heard the rumor that Ralph received the award?,(C-mat-wh (T-past (lv-tr (who) (hear (the (rumor-sc (that (T-past (lv-tr (D-e (Ralph)) (receive (the (award)))))))))))),0.8968912437544314
WH.np.isl.sh.07,0.9539806517857142,Who denied the fact that Jared could afford the car?,(C-mat-wh (T-past (lv-tr (who) (deny (the (fact-sc (that (could (lv-tr (D-e (Jared)) (afford (the (car)))))))))))),0.8524915670890698
WH.np.isl.sh.08,0.9535696166923077,Who made the claim that Elizabeth joined the club?,(C-mat-wh (T-past (lv-tr (who) (make (the (claim-n-sc (that (T-past (lv-tr (D-e (Elizabeth)) (join (the (club)))))))))))),0.8523344078580852
WH.np.non.lg.01,0.42374295853846156,What did you hear that Jeff baked?,(C-mat-wh (T-past (lv-tr (you) (hear (that (T-past (lv-tr (D-e (Jeff)) (bake (what))))))))),0.649755232779719
WH.np.non.lg.02,-0.2843767607857143,What did you deny that Laura ate?,(C-mat-wh (T-past (lv-tr (you) (deny (that (T-past (lv-tr (D-e (Laura)) (eat (what))))))))),0.37900572180331593
WH.np.non.lg.03,0.22250325453846156,What did you announce that Andrew won?,(C-mat-wh (T-past (lv-tr (you) (announce (that (T-past (lv-tr (D-e (Andrew)) (win (what))))))))),0.5728112500601914
WH.np.non.lg.04,-0.07193532971428572,What did you announce that Jane lost?,(C-mat-wh (T-past (lv-tr (you) (announce (that (T-past (lv-tr (D-e (Jane)) (lose (what))))))))),0.4602326838608218
WH.np.non.lg.05,0.9706031598461539,What did you claim that Amy stole?,(C-mat-wh (T-past (lv-tr (you) (claim (that (T-past (lv-tr (D-e (Amy)) (steal (what))))))))),0.8588471815505065
WH.np.non.lg.06,0.3576879997142857,What did you hear that Ralph received?,(C-mat-wh (T-past (lv-tr (you) (hear (that (T-past (lv-tr (D-e (Ralph)) (receive (what))))))))),0.6244991252160421
WH.np.non.lg.07,-0.12669576300000002,What did you deny that Jared could afford?,(C-mat-wh (T-past (lv-tr (you) (deny (that (could (lv-tr (D-e (Jared)) (afford (what))))))))),0.43929503712064444
WH.np.non.lg.08,0.5351867497142857,What did you claim that Elizabeth joined?,(C-mat-wh (T-past (lv-tr (you) (claim (that (T-past (lv-tr (D-e (Elizabeth)) (join (what))))))))),0.6923657563095651
WH.np.non.sh.01,1.268807879,Who heard that Jeff baked a pie?,(C-mat-wh (T-past (lv-tr (who) (hear (that (T-past (lv-tr (D-e (Jeff)) (bake (a (pie)))))))))),0.9728657290904847
WH.np.non.sh.02,0.8241031208461538,Who denied that Laura ate the cookie?,(C-mat-wh (T-past (lv-tr (who) (deny (that (T-past (lv-tr (D-e (Laura)) (eat (the (cookie)))))))))),0.802832904818982
WH.np.non.sh.03,1.2254496377857143,Who announced that Andrew won the match?,(C-mat-wh (T-past (lv-tr (who) (announce (that (T-past (lv-tr (D-e (Andrew)) (win (the (match)))))))))),0.9562877094630005
WH.np.non.sh.04,0.6859933137857143,Who announced that Jane lost the game?,(C-mat-wh (T-past (lv-tr (who) (announce (that (T-past (lv-tr (D-e (Jane)) (lose (the (game)))))))))),0.7500266325147066
WH.np.non.sh.05,1.0208175192857143,Who claimed that Amy stole the pizza?,(C-mat-wh (T-past (lv-tr (who) (claim (that (T-past (lv-tr (D-e (Amy)) (steal (the (pizza)))))))))),0.8780466373646023
WH.np.non.sh.06,1.141612143230769,Who heard that Ralph received the award?,(C-mat-wh (T-past (lv-tr (who) (hear (that (T-past (lv-tr (D-e (Ralph)) (receive (the (award)))))))))),0.9242324509625001
WH.np.non.sh.07,0.5736692192142857,Who denied that Jared could afford the car?,(C-mat-wh (T-past (lv-tr (who) (deny (that (could (lv-tr (D-e (Jared)) (afford (the (car)))))))))),0.7070795250607492
WH.np.non.sh.08,0.9459056542142857,Who claimed that Elizabeth joined the club?,(C-mat-wh (T-past (lv-tr (who) (claim (that (T-past (lv-tr (D-e (Elizabeth)) (join (the (club)))))))))),0.8494040924941149
WH.whe.isl.lg.01,-0.2872052776153846,What does the detective wonder whether Paul stole?,(C-mat-wh (T-pres (lv-tr (the (detective)) (wonder (whether (T-past (lv-tr (D-e (Paul)) (steal (what))))))))))),0.3779242386479638
WH.whe.isl.lg.02,-0.9263020038571429,What does the police officer wonder whether Matt chased?,(C-mat-wh (T-pres (lv-tr (the (police_officer)) (wonder (whether (T-past (lv-tr (D-e (Matt)) (chase (what))))))))))),0.133565662866852
WH.whe.isl.lg.03,-0.45295955492857143,What does the manager wonder whether Tom sold?,(C-mat-wh (T-pres (lv-tr (the (manager)) (wonder (whether (T-past (lv-tr (D-e (Tom)) (steal (what)))))))))),0.3145481056296324
WH.whe.isl.lg.04,-0.7520403550714285,What does the soldier wonder whether Stacey wrote?,(C-mat-wh (T-pres (lv-tr (the (soldier)) (wonder (whether (T-past (lv-tr (D-e (Stacey)) (write (what)))))))))),0.20019458860232414
WH.whe.isl.lg.05,-0.427193346,What does the agent wonder whether Aaron bought?,(C-mat-wh (T-pres (lv-tr (the (agent)) (wonder (whether (T-past (lv-tr (D-e (Aaron)) (buy (what)))))))))),0.32439981329537093
WH.whe.isl.lg.06,-0.7373465105714285,What does the teacher wonder whether George read?,(C-mat-wh (T-pres (lv-tr (the (teacher)) (wonder (whether (T-past (lv-tr (D-e (George)) (read (what)))))))))),0.2058127787249424
WH.whe.isl.lg.07,-0.38876193835714284,What does the girl wonder whether Heather saw?,(C-mat-wh (T-pres (lv-tr (the (girl)) (wonder (whether (T-past (lv-tr (D-e (Heather)) (see (what)))))))))),0.33909405855007035
WH.whe.isl.lg.08,-0.5430143015,What does the guest wonder whether Casey baked?,(C-mat-wh (T-pres (lv-tr (the (guest)) (wonder (whether (T-past (lv-tr (D-e (Casey)) (bake (what)))))))))),0.2801156813799753
WH.whe.isl.sh.01,0.8133225013571429,Who wonders whether Paul stole the necklace?,(C-mat-wh (T-pres (lv-tr (who) (wonder (whether (T-past (lv-tr (D-e (Paul)) (steal (the (necklace)))))))))),0.7987109359272553
WH.whe.isl.sh.02,0.4909904713846154,Who wonders whether Matt chased the bus?,(C-mat-wh (T-pres (lv-tr (who) (wonder (whether (T-past (lv-tr (D-e (Matt)) (chase (the (bus)))))))))),0.675467313266409
WH.whe.isl.sh.03,0.9820781058571428,Who wonders whether Tom sold the television?,(C-mat-wh (T-pres (lv-tr (who) (wonder (whether (T-past (lv-tr (D-e (Tom)) (sell (the (television)))))))))),0.8632346261254451
WH.whe.isl.sh.04,0.8689129552857143,Who wonders whether Stacey wrote the letter?,(C-mat-wh (T-pres (lv-tr (who) (wonder (whether (T-past (lv-tr (D-e (Stacey)) (write (the (letter)))))))))),0.8199659409855549
WH.whe.isl.sh.05,0.9442043270714287,Who wonders whether Aaron bought the house?,(C-mat-wh (T-pres (lv-tr (who) (wonder (whether (T-past (lv-tr (D-e (Aaron)) (buy (the (house)))))))))),0.8487535902141063
WH.whe.isl.sh.06,0.9507733327692308,Who wonders whether George read the book?,(C-mat-wh (T-pres (lv-tr (who) (wonder (whether (T-past (lv-tr (D-e (George)) (read (the (book)))))))))),0.8512652489516691
WH.whe.isl.sh.07,0.7399073595,Who wonders whether Heather saw the movie?,(C-mat-wh (T-pres (lv-tr (who) (wonder (whether (T-past (lv-tr (D-e (Heather)) (see (the (movie)))))))))),0.770640663043095
WH.whe.isl.sh.08,0.956805143,Who wonders whether Casey baked the cake?,(C-mat-wh (T-pres (lv-tr (who) (wonder (whether (T-past (lv-tr (D-e (Casey)) (bake (the (cake)))))))))),0.8535715110507417
WH.whe.non.lg.01,1.1054369384285714,What does the detective think that Paul stole?,(C-mat-wh (T-pres (lv-tr (the (detective)) (think (that (T-past (lv-tr (D-e (Paul)) (steal (what))))))))))),0.9104008646609436
WH.whe.non.lg.02,0.26743439142857145,What does the police officer think that Matt chased?,(C-mat-wh (T-pres (lv-tr (the (police_officer)) (think (that (T-past (lv-tr (D-e (Matt)) (chase (what))))))))))),0.5899906662078188
WH.whe.non.lg.03,0.8330704618461539,What does the manager think that Tom sold?,(C-mat-wh (T-pres (lv-tr (the (manager)) (think (that (T-past (lv-tr (D-e (Tom)) (steal (what)))))))))),0.8062615668435699
WH.whe.non.lg.04,0.9164693029285714,What does the soldier think that Stacey wrote?,(C-mat-wh (T-pres (lv-tr (the (soldier)) (think (that (T-past (lv-tr (D-e (Stacey)) (write (what)))))))))),0.8381491062283135
WH.whe.non.lg.05,0.8571064657857143,What does the agent think that Aaron bought?,(C-mat-wh (T-pres (lv-tr (the (agent)) (think (that (T-past (lv-tr (D-e (Aaron)) (buy (what)))))))))),0.8154517307874207
WH.whe.non.lg.06,0.6732131722142857,What does the teacher think that George read?,(C-mat-wh (T-pres (lv-tr (the (teacher)) (think (that (T-past (lv-tr (D-e (George)) (read (what)))))))))),0.745140146534658
WH.whe.non.lg.07,0.8545399569230769,What does the girl think that Heather saw?,(C-mat-wh (T-pres (lv-tr (the (girl)) (think (that (T-past (lv-tr (D-e (Heather)) (see (what)))))))))),0.8144704263546918
WH.whe.non.lg.08,0.8602720886428571,What does the guest think that Casey baked?,(C-mat-wh (T-pres (lv-tr (the (guest)) (think (that (T-past (lv-tr (D-e (Casey)) (bake (what)))))))))),0.8166621064020487
WH.whe.non.sh.01,1.143387915,Who thinks that Paul stole the necklace?,(C-mat-wh (T-pres (lv-tr (who) (think (that (T-past (lv-tr (D-e (Paul)) (steal (the (necklace)))))))))),0.9249114171387051
WH.whe.non.sh.02,1.0318085717142857,Who thinks that Matt chased the bus?,(C-mat-wh (T-pres (lv-tr (who) (think (that (T-past (lv-tr (D-e (Matt)) (chase (the (bus)))))))))),0.8822490652718379
WH.whe.non.sh.03,0.8241912364285714,Who thinks that Tom sold the television?,(C-mat-wh (T-pres (lv-tr (who) (think (that (T-past (lv-tr (D-e (Tom)) (sell (the (television)))))))))),0.8028665958039918
WH.whe.non.sh.04,1.2032316180769231,Who thinks that Stacey wrote the letter?,(C-mat-wh (T-pres (lv-tr (who) (think (that (T-past (lv-tr (D-e (Stacey)) (write (the (letter)))))))))),0.9477926516262262
WH.whe.non.sh.05,0.9564858752142857,Who thinks that Aaron bought the house?,(C-mat-wh (T-pres (lv-tr (who) (think (that (T-past (lv-tr (D-e (Aaron)) (buy (the (house)))))))))),0.8534494390415973
WH.whe.non.sh.06,1.262772182142857,Who thinks that George read the book?,(C-mat-wh (T-pres (lv-tr (who) (think (that (T-past (lv-tr (D-e (George)) (read (the (book)))))))))),0.9705579809401677
WH.whe.non.sh.07,0.8842094242857143,Who thinks that Heather saw the movie?,(C-mat-wh (T-pres (lv-tr (who) (think (that (T-past (lv-tr (D-e (Heather)) (see (the (movie)))))))))),0.825814544531532
WH.whe.non.sh.08,1.174575935153846,Who thinks that Casey baked the cake?,(C-mat-wh (T-pres (lv-tr (who) (think (that (T-past (lv-tr (D-e (Casey)) (bake (the (cake)))))))))),0.9368361538386449
